Node ID,Communication Type,Session Key,Algorithm,Processing Latency,Date,Time,Primary Vehicle Temp ID,Primary Vehicle VIN,Receiver Type,Receiver Temp ID,Receiver ID,Latitude,Longitude,Altitude,Speed,Direction,Alerts,Other Data,Communication Mode
{'node': 'poi_1'},Pedestrian,792456b5661c689e,RSA-4096,0.37 ms,2025-08-02,2025-08-02 04:04:49.042168,TEMP_ID_1E094831,2c3cdybt3eh136783,Pedestrian,p_temp_1175,ped_5,33.504930886377835,4.800000000000001,1102,1.4039018926717366,1,"['Distracted Pedestrian Alert', 'Crowded Area Alert']","['Next Traffic light Status is No traffic light nearby.', 'Weather is Rainy and Temp is 20.']",6G
{'node': 'poi_1'},Pedestrian,792456b5661c689e,RSA-4096,0.43 ms,2025-08-02,2025-08-02 04:04:49.149587,TEMP_ID_1E094831,2c3cdybt3eh136783,Pedestrian,p_temp_1263,ped_5,33.504930886377835,4.800000000000001,1072,1.4039018926717366,1,"['Emergency Vehicle Bypass Alert', 'Low Visibility Alert']","['Next Traffic light Status is No traffic light nearby.', 'Weather is Rainy and Temp is 20.']",6G
{'node': 'poi_1'},Pedestrian,792456b5661c689e,RSA-4096,0.31 ms,2025-08-02,2025-08-02 04:04:49.261247,TEMP_ID_1E094831,2c3cdybt3eh136783,Pedestrian,p_temp_1474,ped_5,33.504930886377835,4.800000000000001,1452,1.4039018926717366,1,"['Unusual Behavior Alert', 'Distracted Pedestrian Alert']","['Next Traffic light Status is No traffic light nearby.', 'Weather is Rainy and Temp is 20.']",6G
{'node': 'poi_1'},Pedestrian,792456b5661c689e,RSA-4096,0.19 ms,2025-08-02,2025-08-02 04:04:49.370250,TEMP_ID_1E094831,2c3cdybt3eh136783,Pedestrian,p_temp_1320,ped_5,33.504930886377835,4.800000000000001,1080,1.4039018926717366,1,['Blocked Sidewalk Alert'],"['Next Traffic light Status is No traffic light nearby.', 'Weather is Rainy and Temp is 20.']",6G
{'node': 'poi_1'},Pedestrian,792456b5661c689e,RSA-4096,0.32 ms,2025-08-02,2025-08-02 04:04:49.472446,TEMP_ID_1E094831,2c3cdybt3eh136783,Pedestrian,p_temp_1458,ped_5,33.504930886377835,4.800000000000001,1076,1.4039018926717366,1,"['Streetlight Malfunction Alert', 'Slippery Road Alert']","['Next Traffic light Status is No traffic light nearby.', 'Weather is Rainy and Temp is 20.']",6G
{'node': 'poi_1'},Pedestrian,792456b5661c689e,RSA-4096,0.32 ms,2025-08-02,2025-08-02 04:04:49.617939,TEMP_ID_1E094831,2c3cdybt3eh136783,Pedestrian,p_temp_1217,ped_5,33.504930886377835,4.800000000000001,1240,1.4039018926717366,1,['Traffic Signal Violation'],"['Next Traffic light Status is No traffic light nearby.', 'Weather is Rainy and Temp is 20.']",6G
{'node': 'poi_1'},Pedestrian,792456b5661c689e,RSA-4096,0.13 ms,2025-08-02,2025-08-02 04:04:49.762867,TEMP_ID_1E094831,2c3cdybt3eh136783,Pedestrian,p_temp_1272,ped_5,33.504930886377835,4.800000000000001,1085,1.4039018926717366,1,['Streetlight Malfunction Alert'],"['Next Traffic light Status is No traffic light nearby.', 'Weather is Rainy and Temp is 20.']",6G
{'node': 'poi_1'},Pedestrian,792456b5661c689e,RSA-4096,0.21 ms,2025-08-02,2025-08-02 04:04:49.898058,TEMP_ID_1E094831,2c3cdybt3eh136783,Pedestrian,p_temp_1135,ped_5,33.504930886377835,4.800000000000001,1000,1.4039018926717366,1,['Blocked Sidewalk Alert'],"['Next Traffic light Status is No traffic light nearby.', 'Weather is Rainy and Temp is 20.']",6G
{'node': 'poi_1'},Pedestrian,792456b5661c689e,RSA-4096,0.33 ms,2025-08-02,2025-08-02 04:04:50.010630,TEMP_ID_1E094831,2c3cdybt3eh136783,Pedestrian,p_temp_1227,ped_5,33.504930886377835,4.800000000000001,1143,1.4039018926717366,1,['Slow Movement Alert'],"['Next Traffic light Status is No traffic light nearby.', 'Weather is Rainy and Temp is 20.']",6G
{'node': 'poi_1'},Pedestrian,792456b5661c689e,RSA-4096,0.40 ms,2025-08-02,2025-08-02 04:04:50.137699,TEMP_ID_1E094831,2c3cdybt3eh136783,Pedestrian,p_temp_1011,ped_8,-4.800000000000001,-98.13414719499569,1472,1.2842147811563918,2,['Slippery Road Alert'],"['Next Traffic light Status is No traffic light nearby.', 'Weather is Rainy and Temp is 20.']",6G
{'node': 'poi_1'},Pedestrian,792456b5661c689e,RSA-4096,0.48 ms,2025-08-02,2025-08-02 04:04:50.266071,TEMP_ID_1E094831,2c3cdybt3eh136783,Pedestrian,p_temp_1341,ped_8,-4.800000000000001,-98.13414719499569,1306,1.2842147811563918,2,['Blocked Sidewalk Alert'],"['Next Traffic light Status is No traffic light nearby.', 'Weather is Rainy and Temp is 20.']",6G
{'node': 'poi_1'},Pedestrian,792456b5661c689e,RSA-4096,0.44 ms,2025-08-02,2025-08-02 04:04:50.396934,TEMP_ID_1E094831,2c3cdybt3eh136783,Pedestrian,p_temp_1206,ped_8,-4.800000000000001,-98.13414719499569,1062,1.2842147811563918,2,"['Accident Alert', 'Crossing Alert']","['Next Traffic light Status is No traffic light nearby.', 'Weather is Rainy and Temp is 20.']",6G
{'node': 'poi_1'},Pedestrian,792456b5661c689e,RSA-4096,0.29 ms,2025-08-02,2025-08-02 04:04:50.516044,TEMP_ID_1E094831,2c3cdybt3eh136783,Pedestrian,p_temp_1497,ped_8,-4.800000000000001,-98.13414719499569,1015,1.2842147811563918,2,"['Low Visibility Alert', 'Crowd Alert']","['Next Traffic light Status is No traffic light nearby.', 'Weather is Rainy and Temp is 20.']",6G
{'node': 'poi_1'},Pedestrian,792456b5661c689e,RSA-4096,0.16 ms,2025-08-02,2025-08-02 04:04:50.637903,TEMP_ID_1E094831,2c3cdybt3eh136783,Pedestrian,p_temp_1323,ped_8,-4.800000000000001,-98.13414719499569,1101,1.2842147811563918,2,"['Jaywalking Alert', 'Child Alert']","['Next Traffic light Status is No traffic light nearby.', 'Weather is Rainy and Temp is 20.']",6G
{'node': 'poi_1'},Pedestrian,792456b5661c689e,RSA-4096,0.16 ms,2025-08-02,2025-08-02 04:04:50.773287,TEMP_ID_1E094831,2c3cdybt3eh136783,Pedestrian,p_temp_1200,ped_8,-4.800000000000001,-98.13414719499569,1139,1.2842147811563918,2,['Slow Movement Alert'],"['Next Traffic light Status is No traffic light nearby.', 'Weather is Rainy and Temp is 20.']",6G
{'node': 'poi_1'},Pedestrian,792456b5661c689e,RSA-4096,0.19 ms,2025-08-02,2025-08-02 04:04:50.900544,TEMP_ID_1E094831,2c3cdybt3eh136783,Pedestrian,p_temp_1493,ped_8,-4.800000000000001,-98.13414719499569,1161,1.2842147811563918,2,"['Traffic Signal Violation', 'Jaywalking Alert']","['Next Traffic light Status is No traffic light nearby.', 'Weather is Rainy and Temp is 20.']",6G
{'node': 'poi_1'},Pedestrian,792456b5661c689e,RSA-4096,0.46 ms,2025-08-02,2025-08-02 04:04:51.019769,TEMP_ID_1E094831,2c3cdybt3eh136783,Pedestrian,p_temp_1082,ped_8,-4.800000000000001,-98.13414719499569,1195,1.2842147811563918,2,"['Jaywalking Alert', 'Blocked Sidewalk Alert']","['Next Traffic light Status is No traffic light nearby.', 'Weather is Rainy and Temp is 20.']",6G
{'node': 'poi_1'},Pedestrian,792456b5661c689e,RSA-4096,0.25 ms,2025-08-02,2025-08-02 04:04:51.153170,TEMP_ID_1E094831,2c3cdybt3eh136783,Pedestrian,p_temp_1317,ped_12,-3.5200000000000005,-17.027376865538407,1141,1.34653416177677,3,['Accident Alert'],"['Next Traffic light Status is No traffic light nearby.', 'Weather is Rainy and Temp is 20.']",6G
{'node': 'poi_1'},Pedestrian,792456b5661c689e,RSA-4096,0.22 ms,2025-08-02,2025-08-02 04:04:51.267290,TEMP_ID_1E094831,2c3cdybt3eh136783,Pedestrian,p_temp_1282,ped_12,-3.5200000000000005,-17.027376865538407,1203,1.34653416177677,3,['Crowded Area Alert'],"['Next Traffic light Status is No traffic light nearby.', 'Weather is Rainy and Temp is 20.']",6G
{'node': 'poi_1'},Pedestrian,792456b5661c689e,RSA-4096,0.12 ms,2025-08-02,2025-08-02 04:04:51.380925,TEMP_ID_1E094831,2c3cdybt3eh136783,Pedestrian,p_temp_1090,ped_12,-3.5200000000000005,-17.027376865538407,1443,1.34653416177677,3,"['Slow Movement Alert', 'Jaywalking Alert']","['Next Traffic light Status is No traffic light nearby.', 'Weather is Rainy and Temp is 20.']",6G
{'node': 'poi_1'},Pedestrian,792456b5661c689e,RSA-4096,0.13 ms,2025-08-02,2025-08-02 04:04:51.515427,TEMP_ID_1E094831,2c3cdybt3eh136783,Pedestrian,p_temp_1121,ped_12,-3.5200000000000005,-17.027376865538407,1416,1.34653416177677,3,"['Streetlight Malfunction Alert', 'Unusual Behavior Alert']","['Next Traffic light Status is No traffic light nearby.', 'Weather is Rainy and Temp is 20.']",6G
{'node': 'poi_1'},Pedestrian,792456b5661c689e,RSA-4096,0.40 ms,2025-08-02,2025-08-02 04:04:51.654507,TEMP_ID_1E094831,2c3cdybt3eh136783,Pedestrian,p_temp_1143,ped_12,-3.5200000000000005,-17.027376865538407,1156,1.34653416177677,3,"['Streetlight Malfunction Alert', 'Slow Movement Alert']","['Next Traffic light Status is No traffic light nearby.', 'Weather is Rainy and Temp is 20.']",6G
{'node': 'poi_1'},Pedestrian,792456b5661c689e,RSA-4096,0.19 ms,2025-08-02,2025-08-02 04:04:51.769777,TEMP_ID_1E094831,2c3cdybt3eh136783,Pedestrian,p_temp_1431,ped_12,-3.5200000000000005,-17.027376865538407,1081,1.34653416177677,3,"['Jaywalking Alert', 'Crowded Area Alert']","['Next Traffic light Status is No traffic light nearby.', 'Weather is Rainy and Temp is 20.']",6G
{'node': 'poi_1'},Pedestrian,792456b5661c689e,RSA-4096,0.35 ms,2025-08-02,2025-08-02 04:04:51.909307,TEMP_ID_1E094831,2c3cdybt3eh136783,Pedestrian,p_temp_1066,ped_12,-3.5200000000000005,-17.027376865538407,1083,1.34653416177677,3,['Crowd Alert'],"['Next Traffic light Status is No traffic light nearby.', 'Weather is Rainy and Temp is 20.']",6G
{'node': 'poi_1'},Pedestrian,792456b5661c689e,RSA-4096,0.21 ms,2025-08-02,2025-08-02 04:04:52.023755,TEMP_ID_1E094831,2c3cdybt3eh136783,Pedestrian,p_temp_1266,ped_12,-3.5200000000000005,-17.027376865538407,1178,1.34653416177677,3,"['Crowd Alert', 'Crowded Area Alert']","['Next Traffic light Status is No traffic light nearby.', 'Weather is Rainy and Temp is 20.']",6G
{'node': 'poi_1'},Pedestrian,792456b5661c689e,RSA-4096,0.24 ms,2025-08-02,2025-08-02 04:04:52.215700,TEMP_ID_1E094831,2c3cdybt3eh136783,Pedestrian,p_temp_1287,ped_12,-3.5200000000000005,-17.027376865538407,1250,1.34653416177677,3,"['Crossing Alert', 'Slow Movement Alert']","['Next Traffic light Status is No traffic light nearby.', 'Weather is Rainy and Temp is 20.']",6G
{'node': 'poi_1'},Pedestrian,792456b5661c689e,RSA-4096,0.11 ms,2025-08-02,2025-08-02 04:04:52.365265,TEMP_ID_1E094831,2c3cdybt3eh136783,Pedestrian,p_temp_1194,ped_12,-3.5200000000000005,-17.027376865538407,1018,1.34653416177677,3,['Distracted Pedestrian Alert'],"['Next Traffic light Status is No traffic light nearby.', 'Weather is Rainy and Temp is 20.']",6G
{'node': 'poi_1'},Pedestrian,792456b5661c689e,RSA-4096,0.32 ms,2025-08-02,2025-08-02 04:04:52.503872,TEMP_ID_1E094831,2c3cdybt3eh136783,Pedestrian,p_temp_1082,ped_19,-4.800000000000001,-50.979173972543975,1187,1.0235003360277688,2,['Child Alert'],"['Next Traffic light Status is No traffic light nearby.', 'Weather is Rainy and Temp is 20.']",6G
{'node': 'poi_1'},Pedestrian,792456b5661c689e,RSA-4096,0.45 ms,2025-08-02,2025-08-02 04:04:52.647777,TEMP_ID_1E094831,2c3cdybt3eh136783,Pedestrian,p_temp_1093,ped_19,-4.800000000000001,-50.979173972543975,1134,1.0235003360277688,2,"['Crossing Alert', 'Slippery Road Alert']","['Next Traffic light Status is No traffic light nearby.', 'Weather is Rainy and Temp is 20.']",6G
{'node': 'poi_1'},Pedestrian,792456b5661c689e,RSA-4096,0.19 ms,2025-08-02,2025-08-02 04:04:52.767237,TEMP_ID_1E094831,2c3cdybt3eh136783,Pedestrian,p_temp_1281,ped_19,-4.800000000000001,-50.979173972543975,1127,1.0235003360277688,2,['Slow Movement Alert'],"['Next Traffic light Status is No traffic light nearby.', 'Weather is Rainy and Temp is 20.']",6G
{'node': 'poi_1'},Pedestrian,792456b5661c689e,RSA-4096,0.16 ms,2025-08-02,2025-08-02 04:04:52.883346,TEMP_ID_1E094831,2c3cdybt3eh136783,Pedestrian,p_temp_1236,ped_19,-4.800000000000001,-50.979173972543975,1040,1.0235003360277688,2,"['Child Alert', 'Distracted Pedestrian Alert']","['Next Traffic light Status is No traffic light nearby.', 'Weather is Rainy and Temp is 20.']",6G
{'node': 'poi_1'},Pedestrian,792456b5661c689e,RSA-4096,0.16 ms,2025-08-02,2025-08-02 04:04:53.025037,TEMP_ID_1E094831,2c3cdybt3eh136783,Pedestrian,p_temp_1018,ped_19,-4.800000000000001,-50.979173972543975,1453,1.0235003360277688,2,"['Accident Alert', 'Slippery Road Alert']","['Next Traffic light Status is No traffic light nearby.', 'Weather is Rainy and Temp is 20.']",6G
{'node': 'poi_1'},Pedestrian,792456b5661c689e,RSA-4096,0.25 ms,2025-08-02,2025-08-02 04:04:53.146187,TEMP_ID_1E094831,2c3cdybt3eh136783,Pedestrian,p_temp_1428,ped_19,-4.800000000000001,-50.979173972543975,1117,1.0235003360277688,2,['Accident Alert'],"['Next Traffic light Status is No traffic light nearby.', 'Weather is Rainy and Temp is 20.']",6G
{'node': 'poi_1'},Pedestrian,792456b5661c689e,RSA-4096,0.49 ms,2025-08-02,2025-08-02 04:04:53.286958,TEMP_ID_1E094831,2c3cdybt3eh136783,Pedestrian,p_temp_1202,ped_19,-4.800000000000001,-50.979173972543975,1330,1.0235003360277688,2,"['Running Alert', 'Crossing Alert']","['Next Traffic light Status is No traffic light nearby.', 'Weather is Rainy and Temp is 20.']",6G
{'node': 'poi_1'},Pedestrian,792456b5661c689e,RSA-4096,0.46 ms,2025-08-02,2025-08-02 04:04:53.421272,TEMP_ID_1E094831,2c3cdybt3eh136783,Pedestrian,p_temp_1413,ped_19,-4.800000000000001,-50.979173972543975,1040,1.0235003360277688,2,['Accident Alert'],"['Next Traffic light Status is No traffic light nearby.', 'Weather is Rainy and Temp is 20.']",6G
{'node': 'poi_1'},Pedestrian,792456b5661c689e,RSA-4096,0.25 ms,2025-08-02,2025-08-02 04:04:53.568702,TEMP_ID_1E094831,2c3cdybt3eh136783,Pedestrian,p_temp_1448,ped_20,4.800000000000001,53.13664593728346,1115,1.463530988557193,3,"['Child Alert', 'Running Alert']","['Next Traffic light Status is No traffic light nearby.', 'Weather is Rainy and Temp is 20.']",6G
{'node': 'poi_1'},Pedestrian,792456b5661c689e,RSA-4096,0.41 ms,2025-08-02,2025-08-02 04:04:53.722537,TEMP_ID_1E094831,2c3cdybt3eh136783,Pedestrian,p_temp_1327,ped_20,4.800000000000001,53.13664593728346,1111,1.463530988557193,3,['Unusual Behavior Alert'],"['Next Traffic light Status is No traffic light nearby.', 'Weather is Rainy and Temp is 20.']",6G
{'node': 'poi_1'},Pedestrian,792456b5661c689e,RSA-4096,0.38 ms,2025-08-02,2025-08-02 04:04:53.850699,TEMP_ID_1E094831,2c3cdybt3eh136783,Pedestrian,p_temp_1096,ped_20,4.800000000000001,53.13664593728346,1089,1.463530988557193,3,"['Slippery Road Alert', 'Jaywalking Alert']","['Next Traffic light Status is No traffic light nearby.', 'Weather is Rainy and Temp is 20.']",6G
{'node': 'poi_1'},Pedestrian,792456b5661c689e,RSA-4096,0.28 ms,2025-08-02,2025-08-02 04:04:53.992121,TEMP_ID_1E094831,2c3cdybt3eh136783,Pedestrian,p_temp_1370,ped_20,4.800000000000001,53.13664593728346,1049,1.463530988557193,3,['Streetlight Malfunction Alert'],"['Next Traffic light Status is No traffic light nearby.', 'Weather is Rainy and Temp is 20.']",6G
{'node': 'poi_1'},Pedestrian,792456b5661c689e,RSA-4096,0.26 ms,2025-08-02,2025-08-02 04:04:54.202403,TEMP_ID_1E094831,2c3cdybt3eh136783,Pedestrian,p_temp_1332,ped_20,4.800000000000001,53.13664593728346,1051,1.463530988557193,3,"['Crossing Alert', 'Jaywalking Alert']","['Next Traffic light Status is No traffic light nearby.', 'Weather is Rainy and Temp is 20.']",6G
{'node': 'poi_1'},Pedestrian,792456b5661c689e,RSA-4096,0.34 ms,2025-08-02,2025-08-02 04:04:54.353527,TEMP_ID_1E094831,2c3cdybt3eh136783,Pedestrian,p_temp_1164,ped_20,4.800000000000001,53.13664593728346,1123,1.463530988557193,3,"['Blocked Sidewalk Alert', 'Running Alert']","['Next Traffic light Status is No traffic light nearby.', 'Weather is Rainy and Temp is 20.']",6G
{'node': 'poi_1'},Pedestrian,792456b5661c689e,RSA-4096,0.30 ms,2025-08-02,2025-08-02 04:04:54.488294,TEMP_ID_1E094831,2c3cdybt3eh136783,Pedestrian,p_temp_1388,ped_20,4.800000000000001,53.13664593728346,1216,1.463530988557193,3,['Traffic Signal Violation'],"['Next Traffic light Status is No traffic light nearby.', 'Weather is Rainy and Temp is 20.']",6G
{'node': 'poi_1'},Pedestrian,792456b5661c689e,RSA-4096,0.18 ms,2025-08-02,2025-08-02 04:04:54.631615,TEMP_ID_1E094831,2c3cdybt3eh136783,Pedestrian,p_temp_1368,ped_20,4.800000000000001,53.13664593728346,1448,1.463530988557193,3,['Streetlight Malfunction Alert'],"['Next Traffic light Status is No traffic light nearby.', 'Weather is Rainy and Temp is 20.']",6G
{'node': 'poi_1'},Pedestrian,792456b5661c689e,RSA-4096,0.20 ms,2025-08-02,2025-08-02 04:04:54.758818,TEMP_ID_1E094831,2c3cdybt3eh136783,Pedestrian,p_temp_1335,ped_20,4.800000000000001,53.13664593728346,1374,1.463530988557193,3,['Unusual Behavior Alert'],"['Next Traffic light Status is No traffic light nearby.', 'Weather is Rainy and Temp is 20.']",6G
{'node': 'poi_1'},Pedestrian,792456b5661c689e,RSA-4096,0.35 ms,2025-08-02,2025-08-02 04:04:54.884850,TEMP_ID_1E094831,2c3cdybt3eh136783,Pedestrian,p_temp_1070,ped_21,-47.32555112490583,-4.800000000000001,1359,1.3279298187920032,0,['Traffic Signal Violation'],"['Next Traffic light Status is No traffic light nearby.', 'Weather is Rainy and Temp is 20.']",6G
{'node': 'poi_1'},Pedestrian,792456b5661c689e,RSA-4096,0.50 ms,2025-08-02,2025-08-02 04:04:55.026120,TEMP_ID_1E094831,2c3cdybt3eh136783,Pedestrian,p_temp_1128,ped_21,-47.32555112490583,-4.800000000000001,1154,1.3279298187920032,0,['Slippery Road Alert'],"['Next Traffic light Status is No traffic light nearby.', 'Weather is Rainy and Temp is 20.']",6G
{'node': 'poi_1'},Pedestrian,792456b5661c689e,RSA-4096,0.12 ms,2025-08-02,2025-08-02 04:04:55.171350,TEMP_ID_1E094831,2c3cdybt3eh136783,Pedestrian,p_temp_1135,ped_21,-47.32555112490583,-4.800000000000001,1090,1.3279298187920032,0,['Emergency Vehicle Bypass Alert'],"['Next Traffic light Status is No traffic light nearby.', 'Weather is Rainy and Temp is 20.']",6G
{'node': 'poi_1'},Pedestrian,792456b5661c689e,RSA-4096,0.37 ms,2025-08-02,2025-08-02 04:04:55.348564,TEMP_ID_1E094831,2c3cdybt3eh136783,Pedestrian,p_temp_1493,ped_21,-47.32555112490583,-4.800000000000001,1365,1.3279298187920032,0,"['Low Visibility Alert', 'Slippery Road Alert']","['Next Traffic light Status is No traffic light nearby.', 'Weather is Rainy and Temp is 20.']",6G
{'node': 'poi_1'},Pedestrian,792456b5661c689e,RSA-4096,0.32 ms,2025-08-02,2025-08-02 04:04:55.500017,TEMP_ID_1E094831,2c3cdybt3eh136783,Pedestrian,p_temp_1194,ped_21,-47.32555112490583,-4.800000000000001,1087,1.3279298187920032,0,"['Running Alert', 'Crowd Alert']","['Next Traffic light Status is No traffic light nearby.', 'Weather is Rainy and Temp is 20.']",6G
{'node': 'poi_1'},Pedestrian,792456b5661c689e,RSA-4096,0.24 ms,2025-08-02,2025-08-02 04:04:55.628937,TEMP_ID_1E094831,2c3cdybt3eh136783,Pedestrian,p_temp_1395,ped_21,-47.32555112490583,-4.800000000000001,1295,1.3279298187920032,0,"['Low Visibility Alert', 'Traffic Signal Violation']","['Next Traffic light Status is No traffic light nearby.', 'Weather is Rainy and Temp is 20.']",6G
{'node': 'poi_1'},Pedestrian,792456b5661c689e,RSA-4096,0.44 ms,2025-08-02,2025-08-02 04:04:55.818275,TEMP_ID_1E094831,2c3cdybt3eh136783,Pedestrian,p_temp_1204,ped_21,-47.32555112490583,-4.800000000000001,1218,1.3279298187920032,0,"['Streetlight Malfunction Alert', 'Crowd Alert']","['Next Traffic light Status is No traffic light nearby.', 'Weather is Rainy and Temp is 20.']",6G
{'node': 'poi_1'},Pedestrian,792456b5661c689e,RSA-4096,0.17 ms,2025-08-02,2025-08-02 04:04:55.961650,TEMP_ID_1E094831,2c3cdybt3eh136783,Pedestrian,p_temp_1403,ped_21,-47.32555112490583,-4.800000000000001,1318,1.3279298187920032,0,['Traffic Signal Violation'],"['Next Traffic light Status is No traffic light nearby.', 'Weather is Rainy and Temp is 20.']",6G
{'node': 'poi_1'},Pedestrian,792456b5661c689e,RSA-4096,0.43 ms,2025-08-02,2025-08-02 04:04:56.106620,TEMP_ID_1E094831,2c3cdybt3eh136783,Pedestrian,p_temp_1366,ped_23,-84.6707386294369,-3.5200000000000005,1495,1.3069970002066693,1,['Jaywalking Alert'],"['Next Traffic light Status is No traffic light nearby.', 'Weather is Rainy and Temp is 20.']",6G
{'node': 'poi_1'},Pedestrian,792456b5661c689e,RSA-4096,0.43 ms,2025-08-02,2025-08-02 04:04:56.236120,TEMP_ID_1E094831,2c3cdybt3eh136783,Pedestrian,p_temp_1223,ped_23,-84.6707386294369,-3.5200000000000005,1068,1.3069970002066693,1,"['Jaywalking Alert', 'Crossing Alert']","['Next Traffic light Status is No traffic light nearby.', 'Weather is Rainy and Temp is 20.']",6G
{'node': 'poi_1'},Pedestrian,792456b5661c689e,RSA-4096,0.36 ms,2025-08-02,2025-08-02 04:04:56.362919,TEMP_ID_1E094831,2c3cdybt3eh136783,Pedestrian,p_temp_1101,ped_23,-84.6707386294369,-3.5200000000000005,1457,1.3069970002066693,1,['Crowded Area Alert'],"['Next Traffic light Status is No traffic light nearby.', 'Weather is Rainy and Temp is 20.']",6G
{'node': 'poi_1'},Pedestrian,792456b5661c689e,RSA-4096,0.37 ms,2025-08-02,2025-08-02 04:04:56.513772,TEMP_ID_1E094831,2c3cdybt3eh136783,Pedestrian,p_temp_1266,ped_23,-84.6707386294369,-3.5200000000000005,1282,1.3069970002066693,1,"['Accident Alert', 'Distracted Pedestrian Alert']","['Next Traffic light Status is No traffic light nearby.', 'Weather is Rainy and Temp is 20.']",6G
{'node': 'poi_1'},Pedestrian,792456b5661c689e,RSA-4096,0.28 ms,2025-08-02,2025-08-02 04:04:56.689533,TEMP_ID_1E094831,2c3cdybt3eh136783,Pedestrian,p_temp_1105,ped_23,-84.6707386294369,-3.5200000000000005,1310,1.3069970002066693,1,"['Unusual Behavior Alert', 'Traffic Signal Violation']","['Next Traffic light Status is No traffic light nearby.', 'Weather is Rainy and Temp is 20.']",6G
{'node': 'poi_1'},Pedestrian,792456b5661c689e,RSA-4096,0.40 ms,2025-08-02,2025-08-02 04:04:56.853370,TEMP_ID_1E094831,2c3cdybt3eh136783,Pedestrian,p_temp_1488,ped_23,-84.6707386294369,-3.5200000000000005,1381,1.3069970002066693,1,['Distracted Pedestrian Alert'],"['Next Traffic light Status is No traffic light nearby.', 'Weather is Rainy and Temp is 20.']",6G
{'node': 'poi_1'},Pedestrian,792456b5661c689e,RSA-4096,0.36 ms,2025-08-02,2025-08-02 04:04:56.969256,TEMP_ID_1E094831,2c3cdybt3eh136783,Pedestrian,p_temp_1317,ped_23,-84.6707386294369,-3.5200000000000005,1490,1.3069970002066693,1,"['Slow Movement Alert', 'Streetlight Malfunction Alert']","['Next Traffic light Status is No traffic light nearby.', 'Weather is Rainy and Temp is 20.']",6G
{'node': 'poi_1'},Pedestrian,792456b5661c689e,RSA-4096,0.45 ms,2025-08-02,2025-08-02 04:04:57.089633,TEMP_ID_1E094831,2c3cdybt3eh136783,Pedestrian,p_temp_1122,ped_24,-43.54626032522615,-4.800000000000001,1313,1.3297188382727714,0,"['Slippery Road Alert', 'Crowded Area Alert']","['Next Traffic light Status is No traffic light nearby.', 'Weather is Rainy and Temp is 20.']",6G
{'node': 'poi_1'},Pedestrian,792456b5661c689e,RSA-4096,0.20 ms,2025-08-02,2025-08-02 04:04:57.217020,TEMP_ID_1E094831,2c3cdybt3eh136783,Pedestrian,p_temp_1014,ped_24,-43.54626032522615,-4.800000000000001,1421,1.3297188382727714,0,['Streetlight Malfunction Alert'],"['Next Traffic light Status is No traffic light nearby.', 'Weather is Rainy and Temp is 20.']",6G
{'node': 'poi_1'},Pedestrian,792456b5661c689e,RSA-4096,0.10 ms,2025-08-02,2025-08-02 04:04:57.329244,TEMP_ID_1E094831,2c3cdybt3eh136783,Pedestrian,p_temp_1451,ped_24,-43.54626032522615,-4.800000000000001,1024,1.3297188382727714,0,"['Crossing Alert', 'Crowd Alert']","['Next Traffic light Status is No traffic light nearby.', 'Weather is Rainy and Temp is 20.']",6G
{'node': 'poi_1'},Pedestrian,792456b5661c689e,RSA-4096,0.32 ms,2025-08-02,2025-08-02 04:04:57.481927,TEMP_ID_1E094831,2c3cdybt3eh136783,Pedestrian,p_temp_1231,ped_24,-43.54626032522615,-4.800000000000001,1052,1.3297188382727714,0,"['Blocked Sidewalk Alert', 'Jaywalking Alert']","['Next Traffic light Status is No traffic light nearby.', 'Weather is Rainy and Temp is 20.']",6G
{'node': 'poi_1'},Pedestrian,792456b5661c689e,RSA-4096,0.44 ms,2025-08-02,2025-08-02 04:04:57.647212,TEMP_ID_1E094831,2c3cdybt3eh136783,Pedestrian,p_temp_1227,ped_24,-43.54626032522615,-4.800000000000001,1234,1.3297188382727714,0,"['Slippery Road Alert', 'Emergency Vehicle Bypass Alert']","['Next Traffic light Status is No traffic light nearby.', 'Weather is Rainy and Temp is 20.']",6G
{'node': 'poi_1'},Pedestrian,792456b5661c689e,RSA-4096,0.20 ms,2025-08-02,2025-08-02 04:04:57.765612,TEMP_ID_1E094831,2c3cdybt3eh136783,Pedestrian,p_temp_1346,ped_24,-43.54626032522615,-4.800000000000001,1102,1.3297188382727714,0,"['Slippery Road Alert', 'Distracted Pedestrian Alert']","['Next Traffic light Status is No traffic light nearby.', 'Weather is Rainy and Temp is 20.']",6G
{'node': 'poi_1'},Pedestrian,792456b5661c689e,RSA-4096,0.18 ms,2025-08-02,2025-08-02 04:04:57.938446,TEMP_ID_1E094831,2c3cdybt3eh136783,Pedestrian,p_temp_1456,ped_24,-43.54626032522615,-4.800000000000001,1025,1.3297188382727714,0,"['Traffic Signal Violation', 'Crowd Alert']","['Next Traffic light Status is No traffic light nearby.', 'Weather is Rainy and Temp is 20.']",6G
{'node': 'poi_1'},Pedestrian,792456b5661c689e,RSA-4096,0.27 ms,2025-08-02,2025-08-02 04:04:58.090887,TEMP_ID_1E094831,2c3cdybt3eh136783,Pedestrian,p_temp_1017,ped_24,-43.54626032522615,-4.800000000000001,1423,1.3297188382727714,0,"['Child Alert', 'Streetlight Malfunction Alert']","['Next Traffic light Status is No traffic light nearby.', 'Weather is Rainy and Temp is 20.']",6G
{'node': 'poi_1'},Pedestrian,792456b5661c689e,RSA-4096,0.33 ms,2025-08-02,2025-08-02 04:04:58.222162,TEMP_ID_1E094831,2c3cdybt3eh136783,Pedestrian,p_temp_1261,ped_25,-4.800000000000001,-46.21799415210599,1455,1.0407062451411038,2,['Slow Movement Alert'],"['Next Traffic light Status is No traffic light nearby.', 'Weather is Rainy and Temp is 20.']",6G
{'node': 'poi_1'},Pedestrian,792456b5661c689e,RSA-4096,0.34 ms,2025-08-02,2025-08-02 04:04:58.335544,TEMP_ID_1E094831,2c3cdybt3eh136783,Pedestrian,p_temp_1222,ped_25,-4.800000000000001,-46.21799415210599,1340,1.0407062451411038,2,"['Child Alert', 'Low Visibility Alert']","['Next Traffic light Status is No traffic light nearby.', 'Weather is Rainy and Temp is 20.']",6G
{'node': 'poi_1'},Pedestrian,792456b5661c689e,RSA-4096,0.12 ms,2025-08-02,2025-08-02 04:04:58.477166,TEMP_ID_1E094831,2c3cdybt3eh136783,Pedestrian,p_temp_1417,ped_25,-4.800000000000001,-46.21799415210599,1483,1.0407062451411038,2,"['Emergency Vehicle Bypass Alert', 'Crowded Area Alert']","['Next Traffic light Status is No traffic light nearby.', 'Weather is Rainy and Temp is 20.']",6G
{'node': 'poi_1'},Pedestrian,792456b5661c689e,RSA-4096,0.22 ms,2025-08-02,2025-08-02 04:04:58.625773,TEMP_ID_1E094831,2c3cdybt3eh136783,Pedestrian,p_temp_1421,ped_25,-4.800000000000001,-46.21799415210599,1057,1.0407062451411038,2,['Emergency Vehicle Bypass Alert'],"['Next Traffic light Status is No traffic light nearby.', 'Weather is Rainy and Temp is 20.']",6G
{'node': 'poi_1'},Pedestrian,792456b5661c689e,RSA-4096,0.36 ms,2025-08-02,2025-08-02 04:04:58.752717,TEMP_ID_1E094831,2c3cdybt3eh136783,Pedestrian,p_temp_1115,ped_25,-4.800000000000001,-46.21799415210599,1107,1.0407062451411038,2,['Unusual Behavior Alert'],"['Next Traffic light Status is No traffic light nearby.', 'Weather is Rainy and Temp is 20.']",6G
{'node': 'poi_1'},Pedestrian,792456b5661c689e,RSA-4096,0.13 ms,2025-08-02,2025-08-02 04:04:58.877657,TEMP_ID_1E094831,2c3cdybt3eh136783,Pedestrian,p_temp_1004,ped_25,-4.800000000000001,-46.21799415210599,1352,1.0407062451411038,2,"['Jaywalking Alert', 'Accident Alert']","['Next Traffic light Status is No traffic light nearby.', 'Weather is Rainy and Temp is 20.']",6G
{'node': 'poi_1'},Pedestrian,792456b5661c689e,RSA-4096,0.32 ms,2025-08-02,2025-08-02 04:04:58.993579,TEMP_ID_1E094831,2c3cdybt3eh136783,Pedestrian,p_temp_1375,ped_25,-4.800000000000001,-46.21799415210599,1260,1.0407062451411038,2,"['Slippery Road Alert', 'Emergency Vehicle Bypass Alert']","['Next Traffic light Status is No traffic light nearby.', 'Weather is Rainy and Temp is 20.']",6G
{'node': 'poi_1'},Pedestrian,792456b5661c689e,RSA-4096,0.36 ms,2025-08-02,2025-08-02 04:04:59.123469,TEMP_ID_1E094831,2c3cdybt3eh136783,Pedestrian,p_temp_1085,ped_25,-4.800000000000001,-46.21799415210599,1435,1.0407062451411038,2,"['Streetlight Malfunction Alert', 'Crossing Alert']","['Next Traffic light Status is No traffic light nearby.', 'Weather is Rainy and Temp is 20.']",6G
{'node': 'poi_1'},Pedestrian,792456b5661c689e,RSA-4096,0.22 ms,2025-08-02,2025-08-02 04:04:59.257420,TEMP_ID_1E094831,2c3cdybt3eh136783,Pedestrian,p_temp_1473,ped_25,-4.800000000000001,-46.21799415210599,1481,1.0407062451411038,2,['Traffic Signal Violation'],"['Next Traffic light Status is No traffic light nearby.', 'Weather is Rainy and Temp is 20.']",6G
{'node': 'poi_1'},Pedestrian,792456b5661c689e,RSA-4096,0.40 ms,2025-08-02,2025-08-02 04:04:59.377072,TEMP_ID_1E094831,2c3cdybt3eh136783,Pedestrian,p_temp_1412,ped_25,-4.800000000000001,-46.21799415210599,1490,1.0407062451411038,2,"['Streetlight Malfunction Alert', 'Unusual Behavior Alert']","['Next Traffic light Status is No traffic light nearby.', 'Weather is Rainy and Temp is 20.']",6G
{'node': 'poi_1'},Pedestrian,792456b5661c689e,RSA-4096,0.35 ms,2025-08-02,2025-08-02 04:04:59.516106,TEMP_ID_1E094831,2c3cdybt3eh136783,Pedestrian,p_temp_1048,ped_25,-4.800000000000001,-46.21799415210599,1226,1.0407062451411038,2,['Accident Alert'],"['Next Traffic light Status is No traffic light nearby.', 'Weather is Rainy and Temp is 20.']",6G
{'node': 'poi_1'},Pedestrian,792456b5661c689e,RSA-4096,0.13 ms,2025-08-02,2025-08-02 04:04:59.642224,TEMP_ID_1E094831,2c3cdybt3eh136783,Pedestrian,p_temp_1317,ped_25,-4.800000000000001,-46.21799415210599,1424,1.0407062451411038,2,['Accident Alert'],"['Next Traffic light Status is No traffic light nearby.', 'Weather is Rainy and Temp is 20.']",6G
{'node': 'poi_1'},Pedestrian,792456b5661c689e,RSA-4096,0.46 ms,2025-08-02,2025-08-02 04:04:59.789513,TEMP_ID_1E094831,2c3cdybt3eh136783,Pedestrian,p_temp_1229,ped_25,-4.800000000000001,-46.21799415210599,1187,1.0407062451411038,2,['Crowded Area Alert'],"['Next Traffic light Status is No traffic light nearby.', 'Weather is Rainy and Temp is 20.']",6G
{'node': 'poi_1'},Vehicle,c31cd14b194aeb7b,ECDH (Curve25519),0.49 ms,2025-08-02,2025-08-02 04:05:00.644096,TEMP_ID_EB8A3EF3,1gc1kwegxff145382,Vehicle,TEMP_ID_1E094831,2c3cdybt3eh136783,-1.6,71.48248044791399,1170,9.90025922092937,2,"['Maintenance required', 'Battery low warning']","['Next Traffic light Status is No traffic light nearby.', 'Weather is Cloudy and Temp is 1.']",6G
{'node': 'poi_1'},Vehicle,c31cd14b194aeb7b,ECDH (Curve25519),0.14 ms,2025-08-02,2025-08-02 04:05:00.777931,TEMP_ID_EB8A3EF3,1gc1kwegxff145382,Vehicle,TEMP_ID_1E094831,2c3cdybt3eh136783,-1.6,71.48248044791399,1127,9.90025922092937,2,"['Route deviation detected', 'System malfunction alert']","['Next Traffic light Status is No traffic light nearby.', 'Weather is Cloudy and Temp is 1.']",6G
{'node': 'poi_1'},Vehicle,c31cd14b194aeb7b,ECDH (Curve25519),0.49 ms,2025-08-02,2025-08-02 04:05:00.918178,TEMP_ID_EB8A3EF3,1gc1kwegxff145382,Vehicle,TEMP_ID_1E094831,2c3cdybt3eh136783,-1.6,71.48248044791399,1264,9.90025922092937,2,"['Vehicle approaching too fast', 'Route deviation detected']","['Next Traffic light Status is No traffic light nearby.', 'Weather is Cloudy and Temp is 1.']",6G
{'node': 'poi_1'},Vehicle,c31cd14b194aeb7b,ECDH (Curve25519),0.15 ms,2025-08-02,2025-08-02 04:05:01.093019,TEMP_ID_EB8A3EF3,1gc1kwegxff145382,Vehicle,TEMP_ID_1E094831,2c3cdybt3eh136783,-1.6,71.48248044791399,1195,9.90025922092937,2,"['Battery low warning', 'Unusual behavior detected']","['Next Traffic light Status is No traffic light nearby.', 'Weather is Cloudy and Temp is 1.']",6G
{'node': 'poi_1'},Vehicle,c31cd14b194aeb7b,ECDH (Curve25519),0.36 ms,2025-08-02,2025-08-02 04:05:01.236453,TEMP_ID_EB8A3EF3,1gc1kwegxff145382,Vehicle,TEMP_ID_1E094831,2c3cdybt3eh136783,-1.6,71.48248044791399,1255,9.90025922092937,2,"['Route deviation detected', 'System malfunction alert']","['Next Traffic light Status is No traffic light nearby.', 'Weather is Cloudy and Temp is 1.']",6G
{'node': 'poi_1'},Vehicle,c31cd14b194aeb7b,ECDH (Curve25519),0.14 ms,2025-08-02,2025-08-02 04:05:01.362651,TEMP_ID_EB8A3EF3,1gc1kwegxff145382,Vehicle,TEMP_ID_1E094831,2c3cdybt3eh136783,-1.6,71.48248044791399,1170,9.90025922092937,2,['Battery low warning'],"['Next Traffic light Status is No traffic light nearby.', 'Weather is Cloudy and Temp is 1.']",6G
{'node': 'poi_1'},Vehicle,c31cd14b194aeb7b,ECDH (Curve25519),0.28 ms,2025-08-02,2025-08-02 04:05:01.491845,TEMP_ID_EB8A3EF3,1gc1kwegxff145382,Vehicle,TEMP_ID_1E094831,2c3cdybt3eh136783,-1.6,71.48248044791399,1264,9.90025922092937,2,"['Obstacle detected on the road', 'Battery low warning']","['Next Traffic light Status is No traffic light nearby.', 'Weather is Cloudy and Temp is 1.']",6G
{'node': 'poi_1'},Vehicle,c31cd14b194aeb7b,ECDH (Curve25519),0.31 ms,2025-08-02,2025-08-02 04:05:01.625999,TEMP_ID_EB8A3EF3,1gc1kwegxff145382,Vehicle,TEMP_ID_1E094831,2c3cdybt3eh136783,-1.6,71.48248044791399,1332,9.90025922092937,2,"['Vehicle approaching too fast', 'Obstacle detected on the road']","['Next Traffic light Status is No traffic light nearby.', 'Weather is Cloudy and Temp is 1.']",6G
{'node': 'poi_1'},Vehicle,c31cd14b194aeb7b,ECDH (Curve25519),0.23 ms,2025-08-02,2025-08-02 04:05:01.764003,TEMP_ID_EB8A3EF3,1gc1kwegxff145382,Vehicle,TEMP_ID_1E094831,2c3cdybt3eh136783,-1.6,71.48248044791399,1493,9.90025922092937,2,['Battery low warning'],"['Next Traffic light Status is No traffic light nearby.', 'Weather is Cloudy and Temp is 1.']",6G
{'node': 'poi_1'},Vehicle,c31cd14b194aeb7b,ECDH (Curve25519),0.13 ms,2025-08-02,2025-08-02 04:05:01.882165,TEMP_ID_EB8A3EF3,1gc1kwegxff145382,Vehicle,TEMP_ID_1E094831,2c3cdybt3eh136783,-1.6,71.48248044791399,1165,9.90025922092937,2,['Route deviation detected'],"['Next Traffic light Status is No traffic light nearby.', 'Weather is Cloudy and Temp is 1.']",6G
{'node': 'poi_1'},Pedestrian,c31cd14b194aeb7b,ECDH (Curve25519),0.30 ms,2025-08-02,2025-08-02 04:05:02.025558,TEMP_ID_EB8A3EF3,1gc1kwegxff145382,Pedestrian,p_temp_1330,ped_25,-4.800000000000001,-93.37099145850395,1214,1.0339018703384013,2,['Low Visibility Alert'],"['Next Traffic light Status is No traffic light nearby.', 'Weather is Cloudy and Temp is 1.']",6G
{'node': 'poi_1'},Pedestrian,c31cd14b194aeb7b,ECDH (Curve25519),0.36 ms,2025-08-02,2025-08-02 04:05:02.140447,TEMP_ID_EB8A3EF3,1gc1kwegxff145382,Pedestrian,p_temp_1189,ped_25,-4.800000000000001,-93.37099145850395,1258,1.0339018703384013,2,['Traffic Signal Violation'],"['Next Traffic light Status is No traffic light nearby.', 'Weather is Cloudy and Temp is 1.']",6G
{'node': 'poi_1'},Pedestrian,c31cd14b194aeb7b,ECDH (Curve25519),0.29 ms,2025-08-02,2025-08-02 04:05:02.279952,TEMP_ID_EB8A3EF3,1gc1kwegxff145382,Pedestrian,p_temp_1381,ped_25,-4.800000000000001,-93.37099145850395,1082,1.0339018703384013,2,['Slippery Road Alert'],"['Next Traffic light Status is No traffic light nearby.', 'Weather is Cloudy and Temp is 1.']",6G
{'node': 'poi_1'},Pedestrian,c31cd14b194aeb7b,ECDH (Curve25519),0.23 ms,2025-08-02,2025-08-02 04:05:02.421340,TEMP_ID_EB8A3EF3,1gc1kwegxff145382,Pedestrian,p_temp_1034,ped_25,-4.800000000000001,-93.37099145850395,1471,1.0339018703384013,2,"['Distracted Pedestrian Alert', 'Traffic Signal Violation']","['Next Traffic light Status is No traffic light nearby.', 'Weather is Cloudy and Temp is 1.']",6G
{'node': 'poi_1'},Pedestrian,c31cd14b194aeb7b,ECDH (Curve25519),0.17 ms,2025-08-02,2025-08-02 04:05:02.547506,TEMP_ID_EB8A3EF3,1gc1kwegxff145382,Pedestrian,p_temp_1415,ped_25,-4.800000000000001,-93.37099145850395,1000,1.0339018703384013,2,"['Jaywalking Alert', 'Running Alert']","['Next Traffic light Status is No traffic light nearby.', 'Weather is Cloudy and Temp is 1.']",6G
{'node': 'poi_1'},Pedestrian,c31cd14b194aeb7b,ECDH (Curve25519),0.27 ms,2025-08-02,2025-08-02 04:05:02.690178,TEMP_ID_EB8A3EF3,1gc1kwegxff145382,Pedestrian,p_temp_1341,ped_25,-4.800000000000001,-93.37099145850395,1078,1.0339018703384013,2,['Blocked Sidewalk Alert'],"['Next Traffic light Status is No traffic light nearby.', 'Weather is Cloudy and Temp is 1.']",6G
{'node': 'poi_1'},Pedestrian,c31cd14b194aeb7b,ECDH (Curve25519),0.39 ms,2025-08-02,2025-08-02 04:05:02.802619,TEMP_ID_EB8A3EF3,1gc1kwegxff145382,Pedestrian,p_temp_1257,ped_25,-4.800000000000001,-93.37099145850395,1380,1.0339018703384013,2,"['Crossing Alert', 'Traffic Signal Violation']","['Next Traffic light Status is No traffic light nearby.', 'Weather is Cloudy and Temp is 1.']",6G
{'node': 'poi_1'},Pedestrian,c31cd14b194aeb7b,ECDH (Curve25519),0.22 ms,2025-08-02,2025-08-02 04:05:02.934878,TEMP_ID_EB8A3EF3,1gc1kwegxff145382,Pedestrian,p_temp_1357,ped_25,-4.800000000000001,-93.37099145850395,1122,1.0339018703384013,2,['Jaywalking Alert'],"['Next Traffic light Status is No traffic light nearby.', 'Weather is Cloudy and Temp is 1.']",6G
{'node': 'poi_1'},Pedestrian,c31cd14b194aeb7b,ECDH (Curve25519),0.10 ms,2025-08-02,2025-08-02 04:05:03.074045,TEMP_ID_EB8A3EF3,1gc1kwegxff145382,Pedestrian,p_temp_1210,ped_25,-4.800000000000001,-93.37099145850395,1337,1.0339018703384013,2,['Emergency Vehicle Bypass Alert'],"['Next Traffic light Status is No traffic light nearby.', 'Weather is Cloudy and Temp is 1.']",6G
{'node': 'poi_1'},Pedestrian,c31cd14b194aeb7b,ECDH (Curve25519),0.43 ms,2025-08-02,2025-08-02 04:05:03.224823,TEMP_ID_EB8A3EF3,1gc1kwegxff145382,Pedestrian,p_temp_1457,ped_25,-4.800000000000001,-93.37099145850395,1309,1.0339018703384013,2,['Slow Movement Alert'],"['Next Traffic light Status is No traffic light nearby.', 'Weather is Cloudy and Temp is 1.']",6G
{'node': 'poi_1'},Pedestrian,c31cd14b194aeb7b,ECDH (Curve25519),0.26 ms,2025-08-02,2025-08-02 04:05:03.338062,TEMP_ID_EB8A3EF3,1gc1kwegxff145382,Pedestrian,p_temp_1210,ped_25,-4.800000000000001,-93.37099145850395,1213,1.0339018703384013,2,"['Streetlight Malfunction Alert', 'Crossing Alert']","['Next Traffic light Status is No traffic light nearby.', 'Weather is Cloudy and Temp is 1.']",6G
{'node': 'poi_1'},Pedestrian,c31cd14b194aeb7b,ECDH (Curve25519),0.44 ms,2025-08-02,2025-08-02 04:05:03.455110,TEMP_ID_EB8A3EF3,1gc1kwegxff145382,Pedestrian,p_temp_1458,ped_25,-4.800000000000001,-93.37099145850395,1096,1.0339018703384013,2,['Accident Alert'],"['Next Traffic light Status is No traffic light nearby.', 'Weather is Cloudy and Temp is 1.']",6G
{'node': 'poi_1'},Pedestrian,c31cd14b194aeb7b,ECDH (Curve25519),0.12 ms,2025-08-02,2025-08-02 04:05:03.573050,TEMP_ID_EB8A3EF3,1gc1kwegxff145382,Pedestrian,p_temp_1281,ped_25,-4.800000000000001,-93.37099145850395,1102,1.0339018703384013,2,['Streetlight Malfunction Alert'],"['Next Traffic light Status is No traffic light nearby.', 'Weather is Cloudy and Temp is 1.']",6G
{'node': 'poi_1'},Pedestrian,c31cd14b194aeb7b,ECDH (Curve25519),0.44 ms,2025-08-02,2025-08-02 04:05:03.693399,TEMP_ID_EB8A3EF3,1gc1kwegxff145382,Pedestrian,p_temp_1099,ped_26,-33.106986267648466,-4.800000000000001,1133,1.387612647266386,0,['Unusual Behavior Alert'],"['Next Traffic light Status is No traffic light nearby.', 'Weather is Cloudy and Temp is 1.']",6G
{'node': 'poi_1'},Pedestrian,c31cd14b194aeb7b,ECDH (Curve25519),0.36 ms,2025-08-02,2025-08-02 04:05:03.808358,TEMP_ID_EB8A3EF3,1gc1kwegxff145382,Pedestrian,p_temp_1409,ped_26,-33.106986267648466,-4.800000000000001,1481,1.387612647266386,0,"['Blocked Sidewalk Alert', 'Streetlight Malfunction Alert']","['Next Traffic light Status is No traffic light nearby.', 'Weather is Cloudy and Temp is 1.']",6G
{'node': 'poi_1'},Pedestrian,c31cd14b194aeb7b,ECDH (Curve25519),0.29 ms,2025-08-02,2025-08-02 04:05:03.987969,TEMP_ID_EB8A3EF3,1gc1kwegxff145382,Pedestrian,p_temp_1405,ped_26,-33.106986267648466,-4.800000000000001,1441,1.387612647266386,0,"['Streetlight Malfunction Alert', 'Running Alert']","['Next Traffic light Status is No traffic light nearby.', 'Weather is Cloudy and Temp is 1.']",6G
{'node': 'poi_1'},Pedestrian,c31cd14b194aeb7b,ECDH (Curve25519),0.38 ms,2025-08-02,2025-08-02 04:05:04.142522,TEMP_ID_EB8A3EF3,1gc1kwegxff145382,Pedestrian,p_temp_1117,ped_26,-33.106986267648466,-4.800000000000001,1404,1.387612647266386,0,"['Streetlight Malfunction Alert', 'Distracted Pedestrian Alert']","['Next Traffic light Status is No traffic light nearby.', 'Weather is Cloudy and Temp is 1.']",6G
{'node': 'poi_1'},Pedestrian,c31cd14b194aeb7b,ECDH (Curve25519),0.28 ms,2025-08-02,2025-08-02 04:05:04.279320,TEMP_ID_EB8A3EF3,1gc1kwegxff145382,Pedestrian,p_temp_1297,ped_26,-33.106986267648466,-4.800000000000001,1282,1.387612647266386,0,['Blocked Sidewalk Alert'],"['Next Traffic light Status is No traffic light nearby.', 'Weather is Cloudy and Temp is 1.']",6G
{'node': 'poi_1'},Pedestrian,c31cd14b194aeb7b,ECDH (Curve25519),0.38 ms,2025-08-02,2025-08-02 04:05:04.395660,TEMP_ID_EB8A3EF3,1gc1kwegxff145382,Pedestrian,p_temp_1401,ped_26,-33.106986267648466,-4.800000000000001,1065,1.387612647266386,0,['Unusual Behavior Alert'],"['Next Traffic light Status is No traffic light nearby.', 'Weather is Cloudy and Temp is 1.']",6G
{'node': 'poi_1'},Pedestrian,c31cd14b194aeb7b,ECDH (Curve25519),0.19 ms,2025-08-02,2025-08-02 04:05:04.513390,TEMP_ID_EB8A3EF3,1gc1kwegxff145382,Pedestrian,p_temp_1067,ped_26,-33.106986267648466,-4.800000000000001,1345,1.387612647266386,0,['Streetlight Malfunction Alert'],"['Next Traffic light Status is No traffic light nearby.', 'Weather is Cloudy and Temp is 1.']",6G
{'node': 'poi_1'},Pedestrian,c31cd14b194aeb7b,ECDH (Curve25519),0.45 ms,2025-08-02,2025-08-02 04:05:04.662212,TEMP_ID_EB8A3EF3,1gc1kwegxff145382,Pedestrian,p_temp_1485,ped_26,-33.106986267648466,-4.800000000000001,1375,1.387612647266386,0,"['Crossing Alert', 'Traffic Signal Violation']","['Next Traffic light Status is No traffic light nearby.', 'Weather is Cloudy and Temp is 1.']",6G
{'node': 'poi_1'},Pedestrian,c31cd14b194aeb7b,ECDH (Curve25519),0.42 ms,2025-08-02,2025-08-02 04:05:04.797403,TEMP_ID_EB8A3EF3,1gc1kwegxff145382,Pedestrian,p_temp_1414,ped_26,-33.106986267648466,-4.800000000000001,1324,1.387612647266386,0,['Child Alert'],"['Next Traffic light Status is No traffic light nearby.', 'Weather is Cloudy and Temp is 1.']",6G
{'node': 'poi_1'},Pedestrian,c31cd14b194aeb7b,ECDH (Curve25519),0.22 ms,2025-08-02,2025-08-02 04:05:04.916133,TEMP_ID_EB8A3EF3,1gc1kwegxff145382,Pedestrian,p_temp_1095,ped_28,91.27411427393804,3.5200000000000005,1209,1.0089321932762783,0,['Jaywalking Alert'],"['Next Traffic light Status is No traffic light nearby.', 'Weather is Cloudy and Temp is 1.']",6G
{'node': 'poi_1'},Pedestrian,c31cd14b194aeb7b,ECDH (Curve25519),0.19 ms,2025-08-02,2025-08-02 04:05:05.059885,TEMP_ID_EB8A3EF3,1gc1kwegxff145382,Pedestrian,p_temp_1054,ped_28,91.27411427393804,3.5200000000000005,1183,1.0089321932762783,0,['Streetlight Malfunction Alert'],"['Next Traffic light Status is No traffic light nearby.', 'Weather is Cloudy and Temp is 1.']",6G
{'node': 'poi_1'},Pedestrian,c31cd14b194aeb7b,ECDH (Curve25519),0.39 ms,2025-08-02,2025-08-02 04:05:05.210238,TEMP_ID_EB8A3EF3,1gc1kwegxff145382,Pedestrian,p_temp_1136,ped_28,91.27411427393804,3.5200000000000005,1187,1.0089321932762783,0,['Unusual Behavior Alert'],"['Next Traffic light Status is No traffic light nearby.', 'Weather is Cloudy and Temp is 1.']",6G
{'node': 'poi_1'},Pedestrian,c31cd14b194aeb7b,ECDH (Curve25519),0.24 ms,2025-08-02,2025-08-02 04:05:05.411034,TEMP_ID_EB8A3EF3,1gc1kwegxff145382,Pedestrian,p_temp_1355,ped_28,91.27411427393804,3.5200000000000005,1074,1.0089321932762783,0,"['Crowd Alert', 'Jaywalking Alert']","['Next Traffic light Status is No traffic light nearby.', 'Weather is Cloudy and Temp is 1.']",6G
{'node': 'poi_1'},Pedestrian,c31cd14b194aeb7b,ECDH (Curve25519),0.47 ms,2025-08-02,2025-08-02 04:05:05.557812,TEMP_ID_EB8A3EF3,1gc1kwegxff145382,Pedestrian,p_temp_1009,ped_28,91.27411427393804,3.5200000000000005,1088,1.0089321932762783,0,"['Slippery Road Alert', 'Child Alert']","['Next Traffic light Status is No traffic light nearby.', 'Weather is Cloudy and Temp is 1.']",6G
{'node': 'poi_1'},Pedestrian,c31cd14b194aeb7b,ECDH (Curve25519),0.49 ms,2025-08-02,2025-08-02 04:05:05.697102,TEMP_ID_EB8A3EF3,1gc1kwegxff145382,Pedestrian,p_temp_1090,ped_28,91.27411427393804,3.5200000000000005,1024,1.0089321932762783,0,"['Traffic Signal Violation', 'Emergency Vehicle Bypass Alert']","['Next Traffic light Status is No traffic light nearby.', 'Weather is Cloudy and Temp is 1.']",6G
{'node': 'poi_1'},Pedestrian,c31cd14b194aeb7b,ECDH (Curve25519),0.50 ms,2025-08-02,2025-08-02 04:05:05.816804,TEMP_ID_EB8A3EF3,1gc1kwegxff145382,Pedestrian,p_temp_1390,ped_28,91.27411427393804,3.5200000000000005,1049,1.0089321932762783,0,"['Traffic Signal Violation', 'Emergency Vehicle Bypass Alert']","['Next Traffic light Status is No traffic light nearby.', 'Weather is Cloudy and Temp is 1.']",6G
{'node': 'poi_1'},Pedestrian,c31cd14b194aeb7b,ECDH (Curve25519),0.43 ms,2025-08-02,2025-08-02 04:05:05.954958,TEMP_ID_EB8A3EF3,1gc1kwegxff145382,Pedestrian,p_temp_1077,ped_28,91.27411427393804,3.5200000000000005,1045,1.0089321932762783,0,"['Traffic Signal Violation', 'Crowded Area Alert']","['Next Traffic light Status is No traffic light nearby.', 'Weather is Cloudy and Temp is 1.']",6G
{'node': 'poi_1'},Pedestrian,c31cd14b194aeb7b,ECDH (Curve25519),0.41 ms,2025-08-02,2025-08-02 04:05:06.095729,TEMP_ID_EB8A3EF3,1gc1kwegxff145382,Pedestrian,p_temp_1270,ped_28,91.27411427393804,3.5200000000000005,1291,1.0089321932762783,0,"['Crossing Alert', 'Traffic Signal Violation']","['Next Traffic light Status is No traffic light nearby.', 'Weather is Cloudy and Temp is 1.']",6G
{'node': 'poi_1'},Pedestrian,c31cd14b194aeb7b,ECDH (Curve25519),0.26 ms,2025-08-02,2025-08-02 04:05:06.237332,TEMP_ID_EB8A3EF3,1gc1kwegxff145382,Pedestrian,p_temp_1163,ped_28,91.27411427393804,3.5200000000000005,1182,1.0089321932762783,0,"['Unusual Behavior Alert', 'Slippery Road Alert']","['Next Traffic light Status is No traffic light nearby.', 'Weather is Cloudy and Temp is 1.']",6G
{'node': 'poi_1'},Pedestrian,c31cd14b194aeb7b,ECDH (Curve25519),0.19 ms,2025-08-02,2025-08-02 04:05:06.355324,TEMP_ID_EB8A3EF3,1gc1kwegxff145382,Pedestrian,p_temp_1341,ped_28,91.27411427393804,3.5200000000000005,1109,1.0089321932762783,0,"['Blocked Sidewalk Alert', 'Streetlight Malfunction Alert']","['Next Traffic light Status is No traffic light nearby.', 'Weather is Cloudy and Temp is 1.']",6G
{'node': 'poi_1'},Pedestrian,c31cd14b194aeb7b,ECDH (Curve25519),0.19 ms,2025-08-02,2025-08-02 04:05:06.493640,TEMP_ID_EB8A3EF3,1gc1kwegxff145382,Pedestrian,p_temp_1380,ped_28,91.27411427393804,3.5200000000000005,1046,1.0089321932762783,0,['Slippery Road Alert'],"['Next Traffic light Status is No traffic light nearby.', 'Weather is Cloudy and Temp is 1.']",6G
{'node': 'poi_1'},Pedestrian,c31cd14b194aeb7b,ECDH (Curve25519),0.36 ms,2025-08-02,2025-08-02 04:05:06.639130,TEMP_ID_EB8A3EF3,1gc1kwegxff145382,Pedestrian,p_temp_1067,ped_34,3.5200000000000005,23.941332510613897,1392,1.1320918651763607,2,['Jaywalking Alert'],"['Next Traffic light Status is No traffic light nearby.', 'Weather is Cloudy and Temp is 1.']",6G
{'node': 'poi_1'},Pedestrian,c31cd14b194aeb7b,ECDH (Curve25519),0.37 ms,2025-08-02,2025-08-02 04:05:06.773766,TEMP_ID_EB8A3EF3,1gc1kwegxff145382,Pedestrian,p_temp_1160,ped_34,3.5200000000000005,23.941332510613897,1392,1.1320918651763607,2,['Emergency Vehicle Bypass Alert'],"['Next Traffic light Status is No traffic light nearby.', 'Weather is Cloudy and Temp is 1.']",6G
{'node': 'poi_1'},Pedestrian,c31cd14b194aeb7b,ECDH (Curve25519),0.19 ms,2025-08-02,2025-08-02 04:05:06.923753,TEMP_ID_EB8A3EF3,1gc1kwegxff145382,Pedestrian,p_temp_1232,ped_34,3.5200000000000005,23.941332510613897,1119,1.1320918651763607,2,['Crowd Alert'],"['Next Traffic light Status is No traffic light nearby.', 'Weather is Cloudy and Temp is 1.']",6G
{'node': 'poi_1'},Pedestrian,c31cd14b194aeb7b,ECDH (Curve25519),0.42 ms,2025-08-02,2025-08-02 04:05:07.077365,TEMP_ID_EB8A3EF3,1gc1kwegxff145382,Pedestrian,p_temp_1097,ped_34,3.5200000000000005,23.941332510613897,1223,1.1320918651763607,2,"['Streetlight Malfunction Alert', 'Distracted Pedestrian Alert']","['Next Traffic light Status is No traffic light nearby.', 'Weather is Cloudy and Temp is 1.']",6G
{'node': 'poi_1'},Pedestrian,c31cd14b194aeb7b,ECDH (Curve25519),0.22 ms,2025-08-02,2025-08-02 04:05:07.198933,TEMP_ID_EB8A3EF3,1gc1kwegxff145382,Pedestrian,p_temp_1398,ped_34,3.5200000000000005,23.941332510613897,1031,1.1320918651763607,2,"['Accident Alert', 'Streetlight Malfunction Alert']","['Next Traffic light Status is No traffic light nearby.', 'Weather is Cloudy and Temp is 1.']",6G
{'node': 'poi_1'},Pedestrian,c31cd14b194aeb7b,ECDH (Curve25519),0.18 ms,2025-08-02,2025-08-02 04:05:07.329404,TEMP_ID_EB8A3EF3,1gc1kwegxff145382,Pedestrian,p_temp_1362,ped_34,3.5200000000000005,23.941332510613897,999,1.1320918651763607,2,"['Crowd Alert', 'Slippery Road Alert']","['Next Traffic light Status is No traffic light nearby.', 'Weather is Cloudy and Temp is 1.']",6G
{'node': 'poi_1'},Pedestrian,c31cd14b194aeb7b,ECDH (Curve25519),0.22 ms,2025-08-02,2025-08-02 04:05:07.460180,TEMP_ID_EB8A3EF3,1gc1kwegxff145382,Pedestrian,p_temp_1164,ped_34,3.5200000000000005,23.941332510613897,1311,1.1320918651763607,2,"['Crossing Alert', 'Blocked Sidewalk Alert']","['Next Traffic light Status is No traffic light nearby.', 'Weather is Cloudy and Temp is 1.']",6G
{'node': 'poi_1'},Pedestrian,c31cd14b194aeb7b,ECDH (Curve25519),0.37 ms,2025-08-02,2025-08-02 04:05:07.598735,TEMP_ID_EB8A3EF3,1gc1kwegxff145382,Pedestrian,p_temp_1178,ped_34,3.5200000000000005,23.941332510613897,1221,1.1320918651763607,2,['Unusual Behavior Alert'],"['Next Traffic light Status is No traffic light nearby.', 'Weather is Cloudy and Temp is 1.']",6G
{'node': 'poi_1'},Pedestrian,c31cd14b194aeb7b,ECDH (Curve25519),0.31 ms,2025-08-02,2025-08-02 04:05:07.723890,TEMP_ID_EB8A3EF3,1gc1kwegxff145382,Pedestrian,p_temp_1379,ped_36,-4.800000000000001,-72.70055517394142,1235,1.1138665550649165,2,['Crossing Alert'],"['Next Traffic light Status is No traffic light nearby.', 'Weather is Cloudy and Temp is 1.']",6G
{'node': 'poi_1'},Pedestrian,c31cd14b194aeb7b,ECDH (Curve25519),0.15 ms,2025-08-02,2025-08-02 04:05:07.897299,TEMP_ID_EB8A3EF3,1gc1kwegxff145382,Pedestrian,p_temp_1276,ped_36,-4.800000000000001,-72.70055517394142,1254,1.1138665550649165,2,"['Streetlight Malfunction Alert', 'Running Alert']","['Next Traffic light Status is No traffic light nearby.', 'Weather is Cloudy and Temp is 1.']",6G
{'node': 'poi_1'},Pedestrian,c31cd14b194aeb7b,ECDH (Curve25519),0.26 ms,2025-08-02,2025-08-02 04:05:08.038621,TEMP_ID_EB8A3EF3,1gc1kwegxff145382,Pedestrian,p_temp_1015,ped_36,-4.800000000000001,-72.70055517394142,1273,1.1138665550649165,2,"['Distracted Pedestrian Alert', 'Unusual Behavior Alert']","['Next Traffic light Status is No traffic light nearby.', 'Weather is Cloudy and Temp is 1.']",6G
{'node': 'poi_1'},Pedestrian,c31cd14b194aeb7b,ECDH (Curve25519),0.46 ms,2025-08-02,2025-08-02 04:05:08.179085,TEMP_ID_EB8A3EF3,1gc1kwegxff145382,Pedestrian,p_temp_1165,ped_36,-4.800000000000001,-72.70055517394142,1041,1.1138665550649165,2,['Emergency Vehicle Bypass Alert'],"['Next Traffic light Status is No traffic light nearby.', 'Weather is Cloudy and Temp is 1.']",6G
{'node': 'poi_1'},Pedestrian,c31cd14b194aeb7b,ECDH (Curve25519),0.25 ms,2025-08-02,2025-08-02 04:05:08.319456,TEMP_ID_EB8A3EF3,1gc1kwegxff145382,Pedestrian,p_temp_1066,ped_36,-4.800000000000001,-72.70055517394142,1462,1.1138665550649165,2,"['Blocked Sidewalk Alert', 'Running Alert']","['Next Traffic light Status is No traffic light nearby.', 'Weather is Cloudy and Temp is 1.']",6G
{'node': 'poi_1'},Pedestrian,c31cd14b194aeb7b,ECDH (Curve25519),0.40 ms,2025-08-02,2025-08-02 04:05:08.455512,TEMP_ID_EB8A3EF3,1gc1kwegxff145382,Pedestrian,p_temp_1238,ped_36,-4.800000000000001,-72.70055517394142,1393,1.1138665550649165,2,"['Running Alert', 'Distracted Pedestrian Alert']","['Next Traffic light Status is No traffic light nearby.', 'Weather is Cloudy and Temp is 1.']",6G
{'node': 'poi_1'},Pedestrian,c31cd14b194aeb7b,ECDH (Curve25519),0.23 ms,2025-08-02,2025-08-02 04:05:08.577783,TEMP_ID_EB8A3EF3,1gc1kwegxff145382,Pedestrian,p_temp_1243,ped_36,-4.800000000000001,-72.70055517394142,1295,1.1138665550649165,2,"['Crowd Alert', 'Unusual Behavior Alert']","['Next Traffic light Status is No traffic light nearby.', 'Weather is Cloudy and Temp is 1.']",6G
{'node': 'poi_1'},Pedestrian,c31cd14b194aeb7b,ECDH (Curve25519),0.30 ms,2025-08-02,2025-08-02 04:05:08.745033,TEMP_ID_EB8A3EF3,1gc1kwegxff145382,Pedestrian,p_temp_1441,ped_36,-4.800000000000001,-72.70055517394142,1356,1.1138665550649165,2,"['Accident Alert', 'Slow Movement Alert']","['Next Traffic light Status is No traffic light nearby.', 'Weather is Cloudy and Temp is 1.']",6G
{'node': 'poi_1'},Pedestrian,c31cd14b194aeb7b,ECDH (Curve25519),0.40 ms,2025-08-02,2025-08-02 04:05:08.860873,TEMP_ID_EB8A3EF3,1gc1kwegxff145382,Pedestrian,p_temp_1118,ped_36,-4.800000000000001,-72.70055517394142,1458,1.1138665550649165,2,"['Streetlight Malfunction Alert', 'Crowd Alert']","['Next Traffic light Status is No traffic light nearby.', 'Weather is Cloudy and Temp is 1.']",6G
{'node': 'poi_1'},Pedestrian,c31cd14b194aeb7b,ECDH (Curve25519),0.14 ms,2025-08-02,2025-08-02 04:05:09.010299,TEMP_ID_EB8A3EF3,1gc1kwegxff145382,Pedestrian,p_temp_1170,ped_36,-4.800000000000001,-72.70055517394142,1093,1.1138665550649165,2,['Slow Movement Alert'],"['Next Traffic light Status is No traffic light nearby.', 'Weather is Cloudy and Temp is 1.']",6G
{'node': 'poi_1'},Pedestrian,c31cd14b194aeb7b,ECDH (Curve25519),0.47 ms,2025-08-02,2025-08-02 04:05:09.122693,TEMP_ID_EB8A3EF3,1gc1kwegxff145382,Pedestrian,p_temp_1359,ped_36,-4.800000000000001,-72.70055517394142,1493,1.1138665550649165,2,"['Crowd Alert', 'Slow Movement Alert']","['Next Traffic light Status is No traffic light nearby.', 'Weather is Cloudy and Temp is 1.']",6G
{'node': 'poi_1'},Pedestrian,c31cd14b194aeb7b,ECDH (Curve25519),0.46 ms,2025-08-02,2025-08-02 04:05:09.275976,TEMP_ID_EB8A3EF3,1gc1kwegxff145382,Pedestrian,p_temp_1151,ped_36,-4.800000000000001,-72.70055517394142,1069,1.1138665550649165,2,"['Low Visibility Alert', 'Traffic Signal Violation']","['Next Traffic light Status is No traffic light nearby.', 'Weather is Cloudy and Temp is 1.']",6G
{'node': 'poi_1'},Pedestrian,c31cd14b194aeb7b,ECDH (Curve25519),0.34 ms,2025-08-02,2025-08-02 04:05:09.418924,TEMP_ID_EB8A3EF3,1gc1kwegxff145382,Pedestrian,p_temp_1327,ped_36,-4.800000000000001,-72.70055517394142,1444,1.1138665550649165,2,"['Streetlight Malfunction Alert', 'Accident Alert']","['Next Traffic light Status is No traffic light nearby.', 'Weather is Cloudy and Temp is 1.']",6G
{'node': 'poi_1'},Pedestrian,c31cd14b194aeb7b,ECDH (Curve25519),0.34 ms,2025-08-02,2025-08-02 04:05:09.540097,TEMP_ID_EB8A3EF3,1gc1kwegxff145382,Pedestrian,p_temp_1150,ped_36,-4.800000000000001,-72.70055517394142,1430,1.1138665550649165,2,['Distracted Pedestrian Alert'],"['Next Traffic light Status is No traffic light nearby.', 'Weather is Cloudy and Temp is 1.']",6G
{'node': 'poi_1'},Pedestrian,c31cd14b194aeb7b,ECDH (Curve25519),0.48 ms,2025-08-02,2025-08-02 04:05:09.691371,TEMP_ID_EB8A3EF3,1gc1kwegxff145382,Pedestrian,p_temp_1319,ped_36,-4.800000000000001,-72.70055517394142,1087,1.1138665550649165,2,['Jaywalking Alert'],"['Next Traffic light Status is No traffic light nearby.', 'Weather is Cloudy and Temp is 1.']",6G
{'node': 'poi_1'},Pedestrian,c31cd14b194aeb7b,ECDH (Curve25519),0.43 ms,2025-08-02,2025-08-02 04:05:09.822267,TEMP_ID_EB8A3EF3,1gc1kwegxff145382,Pedestrian,p_temp_1252,ped_38,-4.800000000000001,-63.87145326339471,1488,1.2612094367999815,2,"['Traffic Signal Violation', 'Streetlight Malfunction Alert']","['Next Traffic light Status is No traffic light nearby.', 'Weather is Cloudy and Temp is 1.']",6G
{'node': 'poi_1'},Pedestrian,c31cd14b194aeb7b,ECDH (Curve25519),0.24 ms,2025-08-02,2025-08-02 04:05:09.969662,TEMP_ID_EB8A3EF3,1gc1kwegxff145382,Pedestrian,p_temp_1347,ped_38,-4.800000000000001,-63.87145326339471,1307,1.2612094367999815,2,"['Crossing Alert', 'Crowded Area Alert']","['Next Traffic light Status is No traffic light nearby.', 'Weather is Cloudy and Temp is 1.']",6G
{'node': 'poi_1'},Pedestrian,c31cd14b194aeb7b,ECDH (Curve25519),0.27 ms,2025-08-02,2025-08-02 04:05:10.095874,TEMP_ID_EB8A3EF3,1gc1kwegxff145382,Pedestrian,p_temp_1128,ped_38,-4.800000000000001,-63.87145326339471,1345,1.2612094367999815,2,['Crossing Alert'],"['Next Traffic light Status is No traffic light nearby.', 'Weather is Cloudy and Temp is 1.']",6G
{'node': 'poi_1'},Pedestrian,c31cd14b194aeb7b,ECDH (Curve25519),0.14 ms,2025-08-02,2025-08-02 04:05:10.217637,TEMP_ID_EB8A3EF3,1gc1kwegxff145382,Pedestrian,p_temp_1225,ped_38,-4.800000000000001,-63.87145326339471,1406,1.2612094367999815,2,"['Jaywalking Alert', 'Running Alert']","['Next Traffic light Status is No traffic light nearby.', 'Weather is Cloudy and Temp is 1.']",6G
{'node': 'poi_1'},Pedestrian,c31cd14b194aeb7b,ECDH (Curve25519),0.25 ms,2025-08-02,2025-08-02 04:05:10.363058,TEMP_ID_EB8A3EF3,1gc1kwegxff145382,Pedestrian,p_temp_1471,ped_38,-4.800000000000001,-63.87145326339471,1395,1.2612094367999815,2,['Crowd Alert'],"['Next Traffic light Status is No traffic light nearby.', 'Weather is Cloudy and Temp is 1.']",6G
{'node': 'poi_1'},Pedestrian,c31cd14b194aeb7b,ECDH (Curve25519),0.31 ms,2025-08-02,2025-08-02 04:05:10.480825,TEMP_ID_EB8A3EF3,1gc1kwegxff145382,Pedestrian,p_temp_1267,ped_38,-4.800000000000001,-63.87145326339471,1278,1.2612094367999815,2,"['Traffic Signal Violation', 'Crossing Alert']","['Next Traffic light Status is No traffic light nearby.', 'Weather is Cloudy and Temp is 1.']",6G
{'node': 'poi_1'},Pedestrian,c31cd14b194aeb7b,ECDH (Curve25519),0.26 ms,2025-08-02,2025-08-02 04:05:10.606515,TEMP_ID_EB8A3EF3,1gc1kwegxff145382,Pedestrian,p_temp_1352,ped_38,-4.800000000000001,-63.87145326339471,1441,1.2612094367999815,2,['Slippery Road Alert'],"['Next Traffic light Status is No traffic light nearby.', 'Weather is Cloudy and Temp is 1.']",6G
{'node': 'poi_1'},Pedestrian,c31cd14b194aeb7b,ECDH (Curve25519),0.33 ms,2025-08-02,2025-08-02 04:05:10.738056,TEMP_ID_EB8A3EF3,1gc1kwegxff145382,Pedestrian,p_temp_1495,ped_39,50.635730529079446,4.800000000000001,1353,1.4967948418355856,1,['Crossing Alert'],"['Next Traffic light Status is No traffic light nearby.', 'Weather is Cloudy and Temp is 1.']",6G
{'node': 'poi_1'},Pedestrian,c31cd14b194aeb7b,ECDH (Curve25519),0.15 ms,2025-08-02,2025-08-02 04:05:10.875222,TEMP_ID_EB8A3EF3,1gc1kwegxff145382,Pedestrian,p_temp_1078,ped_39,50.635730529079446,4.800000000000001,1063,1.4967948418355856,1,['Slippery Road Alert'],"['Next Traffic light Status is No traffic light nearby.', 'Weather is Cloudy and Temp is 1.']",6G
{'node': 'poi_1'},Pedestrian,c31cd14b194aeb7b,ECDH (Curve25519),0.37 ms,2025-08-02,2025-08-02 04:05:10.991871,TEMP_ID_EB8A3EF3,1gc1kwegxff145382,Pedestrian,p_temp_1295,ped_39,50.635730529079446,4.800000000000001,1215,1.4967948418355856,1,"['Blocked Sidewalk Alert', 'Child Alert']","['Next Traffic light Status is No traffic light nearby.', 'Weather is Cloudy and Temp is 1.']",6G
{'node': 'poi_1'},Pedestrian,c31cd14b194aeb7b,ECDH (Curve25519),0.34 ms,2025-08-02,2025-08-02 04:05:11.132518,TEMP_ID_EB8A3EF3,1gc1kwegxff145382,Pedestrian,p_temp_1088,ped_39,50.635730529079446,4.800000000000001,1178,1.4967948418355856,1,['Streetlight Malfunction Alert'],"['Next Traffic light Status is No traffic light nearby.', 'Weather is Cloudy and Temp is 1.']",6G
{'node': 'poi_1'},Pedestrian,c31cd14b194aeb7b,ECDH (Curve25519),0.25 ms,2025-08-02,2025-08-02 04:05:11.258068,TEMP_ID_EB8A3EF3,1gc1kwegxff145382,Pedestrian,p_temp_1074,ped_39,50.635730529079446,4.800000000000001,1135,1.4967948418355856,1,['Child Alert'],"['Next Traffic light Status is No traffic light nearby.', 'Weather is Cloudy and Temp is 1.']",6G
{'node': 'poi_1'},Pedestrian,c31cd14b194aeb7b,ECDH (Curve25519),0.38 ms,2025-08-02,2025-08-02 04:05:11.406924,TEMP_ID_EB8A3EF3,1gc1kwegxff145382,Pedestrian,p_temp_1286,ped_39,50.635730529079446,4.800000000000001,1386,1.4967948418355856,1,['Jaywalking Alert'],"['Next Traffic light Status is No traffic light nearby.', 'Weather is Cloudy and Temp is 1.']",6G
{'node': 'poi_1'},Pedestrian,c31cd14b194aeb7b,ECDH (Curve25519),0.16 ms,2025-08-02,2025-08-02 04:05:11.528875,TEMP_ID_EB8A3EF3,1gc1kwegxff145382,Pedestrian,p_temp_1388,ped_39,50.635730529079446,4.800000000000001,1316,1.4967948418355856,1,"['Running Alert', 'Crowd Alert']","['Next Traffic light Status is No traffic light nearby.', 'Weather is Cloudy and Temp is 1.']",6G
{'node': 'poi_1'},Pedestrian,c31cd14b194aeb7b,ECDH (Curve25519),0.11 ms,2025-08-02,2025-08-02 04:05:11.655498,TEMP_ID_EB8A3EF3,1gc1kwegxff145382,Pedestrian,p_temp_1308,ped_41,-4.800000000000001,-46.62267307627589,1331,1.2451803001968398,2,"['Blocked Sidewalk Alert', 'Low Visibility Alert']","['Next Traffic light Status is No traffic light nearby.', 'Weather is Cloudy and Temp is 1.']",6G
{'node': 'poi_1'},Pedestrian,c31cd14b194aeb7b,ECDH (Curve25519),0.43 ms,2025-08-02,2025-08-02 04:05:11.783835,TEMP_ID_EB8A3EF3,1gc1kwegxff145382,Pedestrian,p_temp_1206,ped_41,-4.800000000000001,-46.62267307627589,1178,1.2451803001968398,2,['Slow Movement Alert'],"['Next Traffic light Status is No traffic light nearby.', 'Weather is Cloudy and Temp is 1.']",6G
{'node': 'poi_1'},Pedestrian,c31cd14b194aeb7b,ECDH (Curve25519),0.23 ms,2025-08-02,2025-08-02 04:05:11.910967,TEMP_ID_EB8A3EF3,1gc1kwegxff145382,Pedestrian,p_temp_1162,ped_41,-4.800000000000001,-46.62267307627589,1184,1.2451803001968398,2,"['Child Alert', 'Emergency Vehicle Bypass Alert']","['Next Traffic light Status is No traffic light nearby.', 'Weather is Cloudy and Temp is 1.']",6G
{'node': 'poi_1'},Pedestrian,c31cd14b194aeb7b,ECDH (Curve25519),0.35 ms,2025-08-02,2025-08-02 04:05:12.056128,TEMP_ID_EB8A3EF3,1gc1kwegxff145382,Pedestrian,p_temp_1436,ped_41,-4.800000000000001,-46.62267307627589,1205,1.2451803001968398,2,['Accident Alert'],"['Next Traffic light Status is No traffic light nearby.', 'Weather is Cloudy and Temp is 1.']",6G
{'node': 'poi_1'},Pedestrian,c31cd14b194aeb7b,ECDH (Curve25519),0.26 ms,2025-08-02,2025-08-02 04:05:12.183550,TEMP_ID_EB8A3EF3,1gc1kwegxff145382,Pedestrian,p_temp_1298,ped_41,-4.800000000000001,-46.62267307627589,1017,1.2451803001968398,2,"['Crowd Alert', 'Crossing Alert']","['Next Traffic light Status is No traffic light nearby.', 'Weather is Cloudy and Temp is 1.']",6G
{'node': 'poi_1'},Pedestrian,c31cd14b194aeb7b,ECDH (Curve25519),0.21 ms,2025-08-02,2025-08-02 04:05:12.310950,TEMP_ID_EB8A3EF3,1gc1kwegxff145382,Pedestrian,p_temp_1466,ped_41,-4.800000000000001,-46.62267307627589,1401,1.2451803001968398,2,['Crossing Alert'],"['Next Traffic light Status is No traffic light nearby.', 'Weather is Cloudy and Temp is 1.']",6G
{'node': 'poi_1'},Pedestrian,c31cd14b194aeb7b,ECDH (Curve25519),0.27 ms,2025-08-02,2025-08-02 04:05:12.452205,TEMP_ID_EB8A3EF3,1gc1kwegxff145382,Pedestrian,p_temp_1118,ped_41,-4.800000000000001,-46.62267307627589,1466,1.2451803001968398,2,"['Accident Alert', 'Blocked Sidewalk Alert']","['Next Traffic light Status is No traffic light nearby.', 'Weather is Cloudy and Temp is 1.']",6G
{'node': 'poi_1'},Pedestrian,c31cd14b194aeb7b,ECDH (Curve25519),0.39 ms,2025-08-02,2025-08-02 04:05:12.663599,TEMP_ID_EB8A3EF3,1gc1kwegxff145382,Pedestrian,p_temp_1114,ped_41,-4.800000000000001,-46.62267307627589,1160,1.2451803001968398,2,['Crossing Alert'],"['Next Traffic light Status is No traffic light nearby.', 'Weather is Cloudy and Temp is 1.']",6G
{'node': 'poi_1'},Pedestrian,c31cd14b194aeb7b,ECDH (Curve25519),0.38 ms,2025-08-02,2025-08-02 04:05:12.803957,TEMP_ID_EB8A3EF3,1gc1kwegxff145382,Pedestrian,p_temp_1069,ped_41,-4.800000000000001,-46.62267307627589,1183,1.2451803001968398,2,['Blocked Sidewalk Alert'],"['Next Traffic light Status is No traffic light nearby.', 'Weather is Cloudy and Temp is 1.']",6G
{'node': 'poi_1'},Pedestrian,c31cd14b194aeb7b,ECDH (Curve25519),0.18 ms,2025-08-02,2025-08-02 04:05:12.930151,TEMP_ID_EB8A3EF3,1gc1kwegxff145382,Pedestrian,p_temp_1452,ped_41,-4.800000000000001,-46.62267307627589,1250,1.2451803001968398,2,"['Accident Alert', 'Streetlight Malfunction Alert']","['Next Traffic light Status is No traffic light nearby.', 'Weather is Cloudy and Temp is 1.']",6G
{'node': 'poi_0'},Pedestrian,e20b1aa3ab93b297,AES-256-GCM,0.32 ms,2025-08-02,2025-08-02 04:05:17.000355,TEMP_ID_188CBFB7,1fm5k8d80dgc79389,Pedestrian,p_temp_1483,ped_147,4.800000000000001,75.0895827470004,1313,1.337514491101481,3,"['Blocked Sidewalk Alert', 'Running Alert']","['Next Traffic light Status is No traffic light nearby.', 'Weather is Cloudy and Temp is 3.']",6G
{'node': 'poi_0'},Pedestrian,e20b1aa3ab93b297,AES-256-GCM,0.39 ms,2025-08-02,2025-08-02 04:05:17.143260,TEMP_ID_188CBFB7,1fm5k8d80dgc79389,Pedestrian,p_temp_1265,ped_147,4.800000000000001,75.0895827470004,1434,1.337514491101481,3,"['Crowded Area Alert', 'Streetlight Malfunction Alert']","['Next Traffic light Status is No traffic light nearby.', 'Weather is Cloudy and Temp is 3.']",6G
{'node': 'poi_0'},Pedestrian,e20b1aa3ab93b297,AES-256-GCM,0.39 ms,2025-08-02,2025-08-02 04:05:17.266698,TEMP_ID_188CBFB7,1fm5k8d80dgc79389,Pedestrian,p_temp_1313,ped_147,4.800000000000001,75.0895827470004,1366,1.337514491101481,3,['Distracted Pedestrian Alert'],"['Next Traffic light Status is No traffic light nearby.', 'Weather is Cloudy and Temp is 3.']",6G
{'node': 'poi_0'},Pedestrian,e20b1aa3ab93b297,AES-256-GCM,0.47 ms,2025-08-02,2025-08-02 04:05:17.392066,TEMP_ID_188CBFB7,1fm5k8d80dgc79389,Pedestrian,p_temp_1124,ped_147,4.800000000000001,75.0895827470004,1446,1.337514491101481,3,"['Jaywalking Alert', 'Crowded Area Alert']","['Next Traffic light Status is No traffic light nearby.', 'Weather is Cloudy and Temp is 3.']",6G
{'node': 'poi_0'},Pedestrian,e20b1aa3ab93b297,AES-256-GCM,0.48 ms,2025-08-02,2025-08-02 04:05:17.525734,TEMP_ID_188CBFB7,1fm5k8d80dgc79389,Pedestrian,p_temp_1224,ped_147,4.800000000000001,75.0895827470004,1274,1.337514491101481,3,"['Crossing Alert', 'Crowd Alert']","['Next Traffic light Status is No traffic light nearby.', 'Weather is Cloudy and Temp is 3.']",6G
{'node': 'poi_0'},Pedestrian,e20b1aa3ab93b297,AES-256-GCM,0.24 ms,2025-08-02,2025-08-02 04:05:17.645121,TEMP_ID_188CBFB7,1fm5k8d80dgc79389,Pedestrian,p_temp_1385,ped_147,4.800000000000001,75.0895827470004,1456,1.337514491101481,3,['Crowd Alert'],"['Next Traffic light Status is No traffic light nearby.', 'Weather is Cloudy and Temp is 3.']",6G
{'node': 'poi_0'},Pedestrian,e20b1aa3ab93b297,AES-256-GCM,0.30 ms,2025-08-02,2025-08-02 04:05:17.780402,TEMP_ID_188CBFB7,1fm5k8d80dgc79389,Pedestrian,p_temp_1235,ped_147,4.800000000000001,75.0895827470004,1114,1.337514491101481,3,['Jaywalking Alert'],"['Next Traffic light Status is No traffic light nearby.', 'Weather is Cloudy and Temp is 3.']",6G
{'node': 'poi_0'},Pedestrian,e20b1aa3ab93b297,AES-256-GCM,0.17 ms,2025-08-02,2025-08-02 04:05:17.908929,TEMP_ID_188CBFB7,1fm5k8d80dgc79389,Pedestrian,p_temp_1399,ped_147,4.800000000000001,75.0895827470004,1155,1.337514491101481,3,['Slow Movement Alert'],"['Next Traffic light Status is No traffic light nearby.', 'Weather is Cloudy and Temp is 3.']",6G
{'node': 'poi_0'},Pedestrian,e20b1aa3ab93b297,AES-256-GCM,0.31 ms,2025-08-02,2025-08-02 04:05:18.065740,TEMP_ID_188CBFB7,1fm5k8d80dgc79389,Pedestrian,p_temp_1207,ped_147,4.800000000000001,75.0895827470004,1008,1.337514491101481,3,['Traffic Signal Violation'],"['Next Traffic light Status is No traffic light nearby.', 'Weather is Cloudy and Temp is 3.']",6G
{'node': 'poi_0'},Pedestrian,e20b1aa3ab93b297,AES-256-GCM,0.24 ms,2025-08-02,2025-08-02 04:05:18.210827,TEMP_ID_188CBFB7,1fm5k8d80dgc79389,Pedestrian,p_temp_1147,ped_147,4.800000000000001,75.0895827470004,1003,1.337514491101481,3,"['Distracted Pedestrian Alert', 'Crowd Alert']","['Next Traffic light Status is No traffic light nearby.', 'Weather is Cloudy and Temp is 3.']",6G
{'node': 'poi_0'},Pedestrian,e20b1aa3ab93b297,AES-256-GCM,0.11 ms,2025-08-02,2025-08-02 04:05:18.338484,TEMP_ID_188CBFB7,1fm5k8d80dgc79389,Pedestrian,p_temp_1265,ped_147,4.800000000000001,75.0895827470004,1414,1.337514491101481,3,"['Jaywalking Alert', 'Running Alert']","['Next Traffic light Status is No traffic light nearby.', 'Weather is Cloudy and Temp is 3.']",6G
{'node': 'poi_0'},Pedestrian,e20b1aa3ab93b297,AES-256-GCM,0.26 ms,2025-08-02,2025-08-02 04:05:18.473307,TEMP_ID_188CBFB7,1fm5k8d80dgc79389,Pedestrian,p_temp_1481,ped_147,4.800000000000001,75.0895827470004,1096,1.337514491101481,3,['Low Visibility Alert'],"['Next Traffic light Status is No traffic light nearby.', 'Weather is Cloudy and Temp is 3.']",6G
{'node': 'poi_1'},Vehicle,3d8fd6b734f769bd,ChaCha20-Poly1305,0.26 ms,2025-08-02,2025-08-02 04:05:18.952667,TEMP_ID_D6667A4F,1fahp3f29cl226555,Vehicle,TEMP_ID_188CBFB7,1fm5k8d80dgc79389,-34.258732076918236,1.6,1482,11.679578472261998,1,"['Vehicle approaching too fast', 'System malfunction alert']","['Next Traffic light Status is No traffic light nearby.', 'Weather is Sunny and Temp is 9.']",6G
{'node': 'poi_1'},Vehicle,3d8fd6b734f769bd,ChaCha20-Poly1305,0.44 ms,2025-08-02,2025-08-02 04:05:19.071539,TEMP_ID_D6667A4F,1fahp3f29cl226555,Vehicle,TEMP_ID_188CBFB7,1fm5k8d80dgc79389,-34.258732076918236,1.6,1044,11.679578472261998,1,"['Maintenance required', 'Battery low warning']","['Next Traffic light Status is No traffic light nearby.', 'Weather is Sunny and Temp is 9.']",6G
{'node': 'poi_1'},Vehicle,3d8fd6b734f769bd,ChaCha20-Poly1305,0.27 ms,2025-08-02,2025-08-02 04:05:19.219022,TEMP_ID_D6667A4F,1fahp3f29cl226555,Vehicle,TEMP_ID_188CBFB7,1fm5k8d80dgc79389,-34.258732076918236,1.6,1128,11.679578472261998,1,"['Route deviation detected', 'Maintenance required']","['Next Traffic light Status is No traffic light nearby.', 'Weather is Sunny and Temp is 9.']",6G
{'node': 'poi_1'},Vehicle,3d8fd6b734f769bd,ChaCha20-Poly1305,0.16 ms,2025-08-02,2025-08-02 04:05:19.341893,TEMP_ID_D6667A4F,1fahp3f29cl226555,Vehicle,TEMP_ID_188CBFB7,1fm5k8d80dgc79389,-34.258732076918236,1.6,1340,11.679578472261998,1,['Unexpected pedestrian detected'],"['Next Traffic light Status is No traffic light nearby.', 'Weather is Sunny and Temp is 9.']",6G
{'node': 'poi_1'},Vehicle,3d8fd6b734f769bd,ChaCha20-Poly1305,0.42 ms,2025-08-02,2025-08-02 04:05:19.470179,TEMP_ID_D6667A4F,1fahp3f29cl226555,Vehicle,TEMP_ID_188CBFB7,1fm5k8d80dgc79389,-34.258732076918236,1.6,1008,11.679578472261998,1,['Unexpected pedestrian detected'],"['Next Traffic light Status is No traffic light nearby.', 'Weather is Sunny and Temp is 9.']",6G
{'node': 'poi_1'},Vehicle,3d8fd6b734f769bd,ChaCha20-Poly1305,0.26 ms,2025-08-02,2025-08-02 04:05:19.629344,TEMP_ID_D6667A4F,1fahp3f29cl226555,Vehicle,TEMP_ID_188CBFB7,1fm5k8d80dgc79389,-34.258732076918236,1.6,1245,11.679578472261998,1,['Obstacle detected on the road'],"['Next Traffic light Status is No traffic light nearby.', 'Weather is Sunny and Temp is 9.']",6G
{'node': 'poi_1'},Vehicle,3d8fd6b734f769bd,ChaCha20-Poly1305,0.45 ms,2025-08-02,2025-08-02 04:05:19.782529,TEMP_ID_D6667A4F,1fahp3f29cl226555,Vehicle,TEMP_ID_188CBFB7,1fm5k8d80dgc79389,-34.258732076918236,1.6,1206,11.679578472261998,1,['Route deviation detected'],"['Next Traffic light Status is No traffic light nearby.', 'Weather is Sunny and Temp is 9.']",6G
{'node': 'poi_1'},Vehicle,3d8fd6b734f769bd,ChaCha20-Poly1305,0.47 ms,2025-08-02,2025-08-02 04:05:19.922850,TEMP_ID_D6667A4F,1fahp3f29cl226555,Vehicle,TEMP_ID_188CBFB7,1fm5k8d80dgc79389,-34.258732076918236,1.6,1104,11.679578472261998,1,"['Maintenance required', 'Vehicle approaching too fast']","['Next Traffic light Status is No traffic light nearby.', 'Weather is Sunny and Temp is 9.']",6G
{'node': 'poi_1'},Vehicle,3d8fd6b734f769bd,ChaCha20-Poly1305,0.49 ms,2025-08-02,2025-08-02 04:05:20.070568,TEMP_ID_D6667A4F,1fahp3f29cl226555,Vehicle,TEMP_ID_188CBFB7,1fm5k8d80dgc79389,-34.258732076918236,1.6,1070,11.679578472261998,1,"['Unexpected pedestrian detected', 'Unusual behavior detected']","['Next Traffic light Status is No traffic light nearby.', 'Weather is Sunny and Temp is 9.']",6G
{'node': 'poi_1'},Vehicle,3d8fd6b734f769bd,ChaCha20-Poly1305,0.27 ms,2025-08-02,2025-08-02 04:05:20.203623,TEMP_ID_D6667A4F,1fahp3f29cl226555,Vehicle,TEMP_ID_188CBFB7,1fm5k8d80dgc79389,-34.258732076918236,1.6,1306,11.679578472261998,1,['Low fuel warning'],"['Next Traffic light Status is No traffic light nearby.', 'Weather is Sunny and Temp is 9.']",6G
{'node': 'poi_1'},Vehicle,3d8fd6b734f769bd,ChaCha20-Poly1305,0.29 ms,2025-08-02,2025-08-02 04:05:20.333387,TEMP_ID_D6667A4F,1fahp3f29cl226555,Vehicle,TEMP_ID_188CBFB7,1fm5k8d80dgc79389,-34.258732076918236,1.6,1160,11.679578472261998,1,['Vehicle in dangerous proximity'],"['Next Traffic light Status is No traffic light nearby.', 'Weather is Sunny and Temp is 9.']",6G
{'node': 'poi_1'},Vehicle,3d8fd6b734f769bd,ChaCha20-Poly1305,0.39 ms,2025-08-02,2025-08-02 04:05:20.455726,TEMP_ID_D6667A4F,1fahp3f29cl226555,Vehicle,TEMP_ID_188CBFB7,1fm5k8d80dgc79389,-34.258732076918236,1.6,1417,11.679578472261998,1,"['System malfunction alert', 'Vehicle in dangerous proximity']","['Next Traffic light Status is No traffic light nearby.', 'Weather is Sunny and Temp is 9.']",6G
{'node': 'poi_1'},Vehicle,3d8fd6b734f769bd,ChaCha20-Poly1305,0.15 ms,2025-08-02,2025-08-02 04:05:20.591678,TEMP_ID_D6667A4F,1fahp3f29cl226555,Vehicle,TEMP_ID_188CBFB7,1fm5k8d80dgc79389,-34.258732076918236,1.6,1024,11.679578472261998,1,['Vehicle approaching too fast'],"['Next Traffic light Status is No traffic light nearby.', 'Weather is Sunny and Temp is 9.']",6G
{'node': 'poi_1'},Pedestrian,3d8fd6b734f769bd,ChaCha20-Poly1305,0.30 ms,2025-08-02,2025-08-02 04:05:20.743950,TEMP_ID_D6667A4F,1fahp3f29cl226555,Pedestrian,p_temp_1070,ped_167,-3.5200000000000005,-37.137971909473414,1082,0.8333509804896311,3,"['Low Visibility Alert', 'Emergency Vehicle Bypass Alert']","['Next Traffic light Status is No traffic light nearby.', 'Weather is Sunny and Temp is 9.']",6G
{'node': 'poi_1'},Pedestrian,3d8fd6b734f769bd,ChaCha20-Poly1305,0.35 ms,2025-08-02,2025-08-02 04:05:20.860363,TEMP_ID_D6667A4F,1fahp3f29cl226555,Pedestrian,p_temp_1388,ped_167,-3.5200000000000005,-37.137971909473414,1442,0.8333509804896311,3,"['Running Alert', 'Distracted Pedestrian Alert']","['Next Traffic light Status is No traffic light nearby.', 'Weather is Sunny and Temp is 9.']",6G
{'node': 'poi_1'},Pedestrian,3d8fd6b734f769bd,ChaCha20-Poly1305,0.35 ms,2025-08-02,2025-08-02 04:05:21.019452,TEMP_ID_D6667A4F,1fahp3f29cl226555,Pedestrian,p_temp_1379,ped_167,-3.5200000000000005,-37.137971909473414,1367,0.8333509804896311,3,['Crowd Alert'],"['Next Traffic light Status is No traffic light nearby.', 'Weather is Sunny and Temp is 9.']",6G
{'node': 'poi_1'},Pedestrian,3d8fd6b734f769bd,ChaCha20-Poly1305,0.13 ms,2025-08-02,2025-08-02 04:05:21.160844,TEMP_ID_D6667A4F,1fahp3f29cl226555,Pedestrian,p_temp_1137,ped_167,-3.5200000000000005,-37.137971909473414,1406,0.8333509804896311,3,['Emergency Vehicle Bypass Alert'],"['Next Traffic light Status is No traffic light nearby.', 'Weather is Sunny and Temp is 9.']",6G
{'node': 'poi_1'},Pedestrian,3d8fd6b734f769bd,ChaCha20-Poly1305,0.41 ms,2025-08-02,2025-08-02 04:05:21.281391,TEMP_ID_D6667A4F,1fahp3f29cl226555,Pedestrian,p_temp_1215,ped_167,-3.5200000000000005,-37.137971909473414,1116,0.8333509804896311,3,"['Crowd Alert', 'Crossing Alert']","['Next Traffic light Status is No traffic light nearby.', 'Weather is Sunny and Temp is 9.']",6G
{'node': 'poi_1'},Pedestrian,3d8fd6b734f769bd,ChaCha20-Poly1305,0.13 ms,2025-08-02,2025-08-02 04:05:21.418893,TEMP_ID_D6667A4F,1fahp3f29cl226555,Pedestrian,p_temp_1246,ped_167,-3.5200000000000005,-37.137971909473414,1342,0.8333509804896311,3,"['Crossing Alert', 'Jaywalking Alert']","['Next Traffic light Status is No traffic light nearby.', 'Weather is Sunny and Temp is 9.']",6G
{'node': 'poi_1'},Pedestrian,3d8fd6b734f769bd,ChaCha20-Poly1305,0.21 ms,2025-08-02,2025-08-02 04:05:21.533718,TEMP_ID_D6667A4F,1fahp3f29cl226555,Pedestrian,p_temp_1480,ped_167,-3.5200000000000005,-37.137971909473414,1091,0.8333509804896311,3,['Low Visibility Alert'],"['Next Traffic light Status is No traffic light nearby.', 'Weather is Sunny and Temp is 9.']",6G
{'node': 'poi_1'},Pedestrian,3d8fd6b734f769bd,ChaCha20-Poly1305,0.41 ms,2025-08-02,2025-08-02 04:05:21.671311,TEMP_ID_D6667A4F,1fahp3f29cl226555,Pedestrian,p_temp_1361,ped_167,-3.5200000000000005,-37.137971909473414,1458,0.8333509804896311,3,"['Traffic Signal Violation', 'Emergency Vehicle Bypass Alert']","['Next Traffic light Status is No traffic light nearby.', 'Weather is Sunny and Temp is 9.']",6G
{'node': 'poi_1'},Pedestrian,3d8fd6b734f769bd,ChaCha20-Poly1305,0.32 ms,2025-08-02,2025-08-02 04:05:21.790409,TEMP_ID_D6667A4F,1fahp3f29cl226555,Pedestrian,p_temp_1404,ped_167,-3.5200000000000005,-37.137971909473414,1201,0.8333509804896311,3,"['Low Visibility Alert', 'Slow Movement Alert']","['Next Traffic light Status is No traffic light nearby.', 'Weather is Sunny and Temp is 9.']",6G
{'node': 'poi_1'},Pedestrian,3d8fd6b734f769bd,ChaCha20-Poly1305,0.39 ms,2025-08-02,2025-08-02 04:05:21.919497,TEMP_ID_D6667A4F,1fahp3f29cl226555,Pedestrian,p_temp_1037,ped_168,4.800000000000001,24.204933702205633,1010,1.2751908621895902,3,"['Slippery Road Alert', 'Low Visibility Alert']","['Next Traffic light Status is No traffic light nearby.', 'Weather is Sunny and Temp is 9.']",6G
{'node': 'poi_1'},Pedestrian,3d8fd6b734f769bd,ChaCha20-Poly1305,0.35 ms,2025-08-02,2025-08-02 04:05:22.038270,TEMP_ID_D6667A4F,1fahp3f29cl226555,Pedestrian,p_temp_1388,ped_168,4.800000000000001,24.204933702205633,1142,1.2751908621895902,3,['Low Visibility Alert'],"['Next Traffic light Status is No traffic light nearby.', 'Weather is Sunny and Temp is 9.']",6G
{'node': 'poi_1'},Pedestrian,3d8fd6b734f769bd,ChaCha20-Poly1305,0.23 ms,2025-08-02,2025-08-02 04:05:22.147119,TEMP_ID_D6667A4F,1fahp3f29cl226555,Pedestrian,p_temp_1378,ped_168,4.800000000000001,24.204933702205633,1007,1.2751908621895902,3,"['Streetlight Malfunction Alert', 'Blocked Sidewalk Alert']","['Next Traffic light Status is No traffic light nearby.', 'Weather is Sunny and Temp is 9.']",6G
{'node': 'poi_1'},Pedestrian,3d8fd6b734f769bd,ChaCha20-Poly1305,0.37 ms,2025-08-02,2025-08-02 04:05:22.261748,TEMP_ID_D6667A4F,1fahp3f29cl226555,Pedestrian,p_temp_1335,ped_168,4.800000000000001,24.204933702205633,1212,1.2751908621895902,3,"['Jaywalking Alert', 'Streetlight Malfunction Alert']","['Next Traffic light Status is No traffic light nearby.', 'Weather is Sunny and Temp is 9.']",6G
{'node': 'poi_1'},Pedestrian,3d8fd6b734f769bd,ChaCha20-Poly1305,0.13 ms,2025-08-02,2025-08-02 04:05:22.404929,TEMP_ID_D6667A4F,1fahp3f29cl226555,Pedestrian,p_temp_1058,ped_168,4.800000000000001,24.204933702205633,1015,1.2751908621895902,3,['Traffic Signal Violation'],"['Next Traffic light Status is No traffic light nearby.', 'Weather is Sunny and Temp is 9.']",6G
{'node': 'poi_1'},Pedestrian,3d8fd6b734f769bd,ChaCha20-Poly1305,0.23 ms,2025-08-02,2025-08-02 04:05:22.551926,TEMP_ID_D6667A4F,1fahp3f29cl226555,Pedestrian,p_temp_1238,ped_168,4.800000000000001,24.204933702205633,1407,1.2751908621895902,3,['Crowded Area Alert'],"['Next Traffic light Status is No traffic light nearby.', 'Weather is Sunny and Temp is 9.']",6G
{'node': 'poi_1'},Pedestrian,3d8fd6b734f769bd,ChaCha20-Poly1305,0.42 ms,2025-08-02,2025-08-02 04:05:22.718778,TEMP_ID_D6667A4F,1fahp3f29cl226555,Pedestrian,p_temp_1074,ped_168,4.800000000000001,24.204933702205633,1325,1.2751908621895902,3,"['Running Alert', 'Accident Alert']","['Next Traffic light Status is No traffic light nearby.', 'Weather is Sunny and Temp is 9.']",6G
{'node': 'poi_1'},Pedestrian,3d8fd6b734f769bd,ChaCha20-Poly1305,0.28 ms,2025-08-02,2025-08-02 04:05:22.871396,TEMP_ID_D6667A4F,1fahp3f29cl226555,Pedestrian,p_temp_1114,ped_168,4.800000000000001,24.204933702205633,1349,1.2751908621895902,3,"['Slow Movement Alert', 'Traffic Signal Violation']","['Next Traffic light Status is No traffic light nearby.', 'Weather is Sunny and Temp is 9.']",6G
{'node': 'poi_1'},Pedestrian,3d8fd6b734f769bd,ChaCha20-Poly1305,0.45 ms,2025-08-02,2025-08-02 04:05:23.056305,TEMP_ID_D6667A4F,1fahp3f29cl226555,Pedestrian,p_temp_1456,ped_168,4.800000000000001,24.204933702205633,1080,1.2751908621895902,3,"['Streetlight Malfunction Alert', 'Emergency Vehicle Bypass Alert']","['Next Traffic light Status is No traffic light nearby.', 'Weather is Sunny and Temp is 9.']",6G
{'node': 'poi_1'},Pedestrian,3d8fd6b734f769bd,ChaCha20-Poly1305,0.37 ms,2025-08-02,2025-08-02 04:05:23.184821,TEMP_ID_D6667A4F,1fahp3f29cl226555,Pedestrian,p_temp_1457,ped_168,4.800000000000001,24.204933702205633,1095,1.2751908621895902,3,['Emergency Vehicle Bypass Alert'],"['Next Traffic light Status is No traffic light nearby.', 'Weather is Sunny and Temp is 9.']",6G
{'node': 'poi_1'},Pedestrian,3d8fd6b734f769bd,ChaCha20-Poly1305,0.14 ms,2025-08-02,2025-08-02 04:05:23.305144,TEMP_ID_D6667A4F,1fahp3f29cl226555,Pedestrian,p_temp_1419,ped_168,4.800000000000001,24.204933702205633,1306,1.2751908621895902,3,['Blocked Sidewalk Alert'],"['Next Traffic light Status is No traffic light nearby.', 'Weather is Sunny and Temp is 9.']",6G
